model,seed,comparison_group,permutation_index,adaptation_auc,end_accuracy
ccdn_0a,101,primary_sparse_resource_matched,0,0.10515625,0.08828125
ccdn_0a,101,primary_sparse_resource_matched,1,0.1128125,0.1609375
ccdn_0a,101,primary_sparse_resource_matched,2,0.191015625,0.2015625
ccdn_0a,101,primary_sparse_resource_matched,3,0.208671875,0.25703125
ccdn_0a,101,primary_sparse_resource_matched,4,0.229921875,0.24296875
ccdn_0a,101,primary_sparse_resource_matched,5,0.266953125,0.2484375
ccdn_0a,101,primary_sparse_resource_matched,6,0.2756249999999999,0.38828125
ccdn_0a,101,primary_sparse_resource_matched,7,0.253125,0.32734375
ccdn_0a,101,primary_sparse_resource_matched,8,0.263984375,0.3140625
ccdn_0a,101,primary_sparse_resource_matched,9,0.31765625,0.33515625
ccdn_0a,101,primary_sparse_resource_matched,10,0.288359375,0.36796875
ccdn_0a,101,primary_sparse_resource_matched,11,0.3705468749999999,0.44609375
ccdn_0a,101,primary_sparse_resource_matched,12,0.438984375,0.4875
ccdn_0a,101,primary_sparse_resource_matched,13,0.479375,0.5953125
ccdn_0a,101,primary_sparse_resource_matched,14,0.50234375,0.64453125
ccdn_0a,101,primary_sparse_resource_matched,15,0.533203125,0.66953125
ccdn_0a,101,primary_sparse_resource_matched,16,0.5496875,0.709375
ccdn_0a,101,primary_sparse_resource_matched,17,0.564765625,0.70625
ccdn_0a,101,primary_sparse_resource_matched,18,0.561953125,0.665625
ccdn_0a,101,primary_sparse_resource_matched,19,0.5709375,0.66796875
ccdn_0a,101,primary_sparse_resource_matched,20,0.549453125,0.6859375
ccdn_0a,101,primary_sparse_resource_matched,21,0.5664843749999999,0.67734375
ccdn_0a,101,primary_sparse_resource_matched,22,0.58546875,0.690625
ccdn_0a,101,primary_sparse_resource_matched,23,0.58421875,0.72578125
ccdn_0a,101,primary_sparse_resource_matched,24,0.632890625,0.75390625
ccdn_0a,101,primary_sparse_resource_matched,25,0.6040625,0.7515625
ccdn_0a,101,primary_sparse_resource_matched,26,0.63671875,0.76015625
ccdn_0a,101,primary_sparse_resource_matched,27,0.61234375,0.73046875
ccdn_0a,101,primary_sparse_resource_matched,28,0.61921875,0.75546875
ccdn_0a,101,primary_sparse_resource_matched,29,0.61671875,0.775
ccdn_0a,101,primary_sparse_resource_matched,30,0.642578125,0.775
ccdn_0a,101,primary_sparse_resource_matched,31,0.652109375,0.7625
ccdn_0a,101,primary_sparse_resource_matched,32,0.6384375,0.7796875
ccdn_0a,101,primary_sparse_resource_matched,33,0.621015625,0.784375
ccdn_0a,101,primary_sparse_resource_matched,34,0.64015625,0.77890625
ccdn_0a,101,primary_sparse_resource_matched,35,0.64,0.784375
ccdn_0a,101,primary_sparse_resource_matched,36,0.6642187500000001,0.7875
ccdn_0a,101,primary_sparse_resource_matched,37,0.62953125,0.77421875
ccdn_0a,101,primary_sparse_resource_matched,38,0.650546875,0.81484375
ccdn_0a,101,primary_sparse_resource_matched,39,0.614140625,0.7671875
ccdn_0a,101,primary_sparse_resource_matched,40,0.623828125,0.76640625
ccdn_0a,101,primary_sparse_resource_matched,41,0.6384374999999999,0.77890625
ccdn_0a,101,primary_sparse_resource_matched,42,0.62890625,0.7828125
ccdn_0a,101,primary_sparse_resource_matched,43,0.6289843749999999,0.79453125
ccdn_0a,101,primary_sparse_resource_matched,44,0.64296875,0.81484375
ccdn_0a,101,primary_sparse_resource_matched,45,0.640390625,0.78671875
ccdn_0a,101,primary_sparse_resource_matched,46,0.63109375,0.77109375
ccdn_0a,101,primary_sparse_resource_matched,47,0.649765625,0.79375
ccdn_0a,101,primary_sparse_resource_matched,48,0.6033593749999999,0.78125
ccdn_0a,101,primary_sparse_resource_matched,49,0.617890625,0.778125
ccdn_0a,101,primary_sparse_resource_matched,50,0.626484375,0.78046875
ccdn_0a,101,primary_sparse_resource_matched,51,0.638828125,0.8
ccdn_0a,101,primary_sparse_resource_matched,52,0.6493749999999999,0.79609375
ccdn_0a,101,primary_sparse_resource_matched,53,0.619765625,0.79609375
ccdn_0a,101,primary_sparse_resource_matched,54,0.613203125,0.7828125
ccdn_0a,101,primary_sparse_resource_matched,55,0.640703125,0.7953125
ccdn_0a,101,primary_sparse_resource_matched,56,0.6443749999999999,0.8046875
ccdn_0a,101,primary_sparse_resource_matched,57,0.6534375,0.8046875
ccdn_0a,101,primary_sparse_resource_matched,58,0.671015625,0.79765625
ccdn_0a,101,primary_sparse_resource_matched,59,0.65640625,0.790625
ccdn_0a,101,primary_sparse_resource_matched,60,0.6606249999999999,0.8109375
ccdn_0a,101,primary_sparse_resource_matched,61,0.6656250000000001,0.80625
ccdn_0a,101,primary_sparse_resource_matched,62,0.644921875,0.77734375
ccdn_0a,101,primary_sparse_resource_matched,63,0.668359375,0.8234375
ccdn_0a,101,primary_sparse_resource_matched,64,0.668984375,0.8078125
ccdn_0a,101,primary_sparse_resource_matched,65,0.6496875,0.8015625
ccdn_0a,101,primary_sparse_resource_matched,66,0.6677343750000001,0.8078125
ccdn_0a,101,primary_sparse_resource_matched,67,0.665859375,0.81484375
ccdn_0a,101,primary_sparse_resource_matched,68,0.683125,0.81328125
ccdn_0a,101,primary_sparse_resource_matched,69,0.685703125,0.81484375
ccdn_0a,101,primary_sparse_resource_matched,70,0.65109375,0.80859375
ccdn_0a,101,primary_sparse_resource_matched,71,0.645390625,0.78984375
ccdn_0a,101,primary_sparse_resource_matched,72,0.6544531250000001,0.80390625
ccdn_0a,101,primary_sparse_resource_matched,73,0.67578125,0.80625
ccdn_0a,101,primary_sparse_resource_matched,74,0.643125,0.81015625
ccdn_0a,101,primary_sparse_resource_matched,75,0.6646875,0.81796875
ccdn_0a,101,primary_sparse_resource_matched,76,0.6520312500000001,0.8078125
ccdn_0a,101,primary_sparse_resource_matched,77,0.6580468749999999,0.815625
ccdn_0a,101,primary_sparse_resource_matched,78,0.65484375,0.7953125
ccdn_0a,101,primary_sparse_resource_matched,79,0.6763281250000001,0.8125
ccdn_0a,101,primary_sparse_resource_matched,80,0.673671875,0.80625
ccdn_0a,101,primary_sparse_resource_matched,81,0.669453125,0.81875
ccdn_0a,101,primary_sparse_resource_matched,82,0.661328125,0.81796875
ccdn_0a,101,primary_sparse_resource_matched,83,0.663046875,0.828125
ccdn_0a,101,primary_sparse_resource_matched,84,0.671875,0.8046875
ccdn_0a,101,primary_sparse_resource_matched,85,0.688828125,0.81640625
ccdn_0a,101,primary_sparse_resource_matched,86,0.69296875,0.83359375
ccdn_0a,101,primary_sparse_resource_matched,87,0.678984375,0.8234375
ccdn_0a,101,primary_sparse_resource_matched,88,0.68265625,0.81796875
ccdn_0a,101,primary_sparse_resource_matched,89,0.676015625,0.79921875
ccdn_0a,101,primary_sparse_resource_matched,90,0.662109375,0.83046875
ccdn_0a,101,primary_sparse_resource_matched,91,0.664375,0.82734375
ccdn_0a,101,primary_sparse_resource_matched,92,0.698359375,0.83515625
ccdn_0a,101,primary_sparse_resource_matched,93,0.6753906249999999,0.821875
ccdn_0a,101,primary_sparse_resource_matched,94,0.6771093749999999,0.82265625
ccdn_0a,101,primary_sparse_resource_matched,95,0.69609375,0.8234375
ccdn_0a,101,primary_sparse_resource_matched,96,0.6794531249999999,0.809375
ccdn_0a,101,primary_sparse_resource_matched,97,0.6500781250000001,0.8
ccdn_0a,101,primary_sparse_resource_matched,98,0.6460156250000001,0.80078125
ccdn_0a,101,primary_sparse_resource_matched,99,0.654453125,0.78515625
ccdn_0a,202,primary_sparse_resource_matched,0,0.1084374999999999,0.08515625
ccdn_0a,202,primary_sparse_resource_matched,1,0.129921875,0.1875
ccdn_0a,202,primary_sparse_resource_matched,2,0.215625,0.265625
ccdn_0a,202,primary_sparse_resource_matched,3,0.236796875,0.2578125
ccdn_0a,202,primary_sparse_resource_matched,4,0.2384375,0.3328125
ccdn_0a,202,primary_sparse_resource_matched,5,0.262578125,0.2859375
ccdn_0a,202,primary_sparse_resource_matched,6,0.29046875,0.32890625
ccdn_0a,202,primary_sparse_resource_matched,7,0.30078125,0.334375
ccdn_0a,202,primary_sparse_resource_matched,8,0.365546875,0.4015625
ccdn_0a,202,primary_sparse_resource_matched,9,0.36703125,0.53359375
ccdn_0a,202,primary_sparse_resource_matched,10,0.388125,0.46953125
ccdn_0a,202,primary_sparse_resource_matched,11,0.384453125,0.49453125
ccdn_0a,202,primary_sparse_resource_matched,12,0.394296875,0.50703125
ccdn_0a,202,primary_sparse_resource_matched,13,0.460859375,0.58671875
ccdn_0a,202,primary_sparse_resource_matched,14,0.509765625,0.6671875
ccdn_0a,202,primary_sparse_resource_matched,15,0.50875,0.634375
ccdn_0a,202,primary_sparse_resource_matched,16,0.568125,0.659375
ccdn_0a,202,primary_sparse_resource_matched,17,0.55359375,0.6921875
ccdn_0a,202,primary_sparse_resource_matched,18,0.555234375,0.67109375
ccdn_0a,202,primary_sparse_resource_matched,19,0.526640625,0.65859375
ccdn_0a,202,primary_sparse_resource_matched,20,0.580859375,0.63515625
ccdn_0a,202,primary_sparse_resource_matched,21,0.579453125,0.62578125
ccdn_0a,202,primary_sparse_resource_matched,22,0.58859375,0.72265625
ccdn_0a,202,primary_sparse_resource_matched,23,0.609921875,0.70078125
ccdn_0a,202,primary_sparse_resource_matched,24,0.603984375,0.74453125
ccdn_0a,202,primary_sparse_resource_matched,25,0.642421875,0.771875
ccdn_0a,202,primary_sparse_resource_matched,26,0.61703125,0.73671875
ccdn_0a,202,primary_sparse_resource_matched,27,0.636953125,0.78984375
ccdn_0a,202,primary_sparse_resource_matched,28,0.623203125,0.77734375
ccdn_0a,202,primary_sparse_resource_matched,29,0.6407031249999999,0.75078125
ccdn_0a,202,primary_sparse_resource_matched,30,0.631875,0.7515625
ccdn_0a,202,primary_sparse_resource_matched,31,0.6556249999999999,0.7546875
ccdn_0a,202,primary_sparse_resource_matched,32,0.642109375,0.78984375
ccdn_0a,202,primary_sparse_resource_matched,33,0.633515625,0.79453125
ccdn_0a,202,primary_sparse_resource_matched,34,0.61828125,0.79140625
ccdn_0a,202,primary_sparse_resource_matched,35,0.63015625,0.7828125
ccdn_0a,202,primary_sparse_resource_matched,36,0.6465624999999999,0.7875
ccdn_0a,202,primary_sparse_resource_matched,37,0.647265625,0.7921875
ccdn_0a,202,primary_sparse_resource_matched,38,0.648828125,0.78203125
ccdn_0a,202,primary_sparse_resource_matched,39,0.6388281250000001,0.79140625
ccdn_0a,202,primary_sparse_resource_matched,40,0.636171875,0.77265625
ccdn_0a,202,primary_sparse_resource_matched,41,0.6357812500000001,0.7921875
ccdn_0a,202,primary_sparse_resource_matched,42,0.6515625,0.796875
ccdn_0a,202,primary_sparse_resource_matched,43,0.6467968749999999,0.7875
ccdn_0a,202,primary_sparse_resource_matched,44,0.6490625,0.803125
ccdn_0a,202,primary_sparse_resource_matched,45,0.658984375,0.79609375
ccdn_0a,202,primary_sparse_resource_matched,46,0.640625,0.77578125
ccdn_0a,202,primary_sparse_resource_matched,47,0.648203125,0.78046875
ccdn_0a,202,primary_sparse_resource_matched,48,0.65953125,0.7578125
ccdn_0a,202,primary_sparse_resource_matched,49,0.660390625,0.80234375
ccdn_0a,202,primary_sparse_resource_matched,50,0.61109375,0.771875
ccdn_0a,202,primary_sparse_resource_matched,51,0.65640625,0.8015625
ccdn_0a,202,primary_sparse_resource_matched,52,0.646328125,0.77578125
ccdn_0a,202,primary_sparse_resource_matched,53,0.6237499999999999,0.79765625
ccdn_0a,202,primary_sparse_resource_matched,54,0.6161718749999999,0.76015625
ccdn_0a,202,primary_sparse_resource_matched,55,0.62796875,0.778125
ccdn_0a,202,primary_sparse_resource_matched,56,0.614375,0.775
ccdn_0a,202,primary_sparse_resource_matched,57,0.658046875,0.79921875
ccdn_0a,202,primary_sparse_resource_matched,58,0.61109375,0.72109375
ccdn_0a,202,primary_sparse_resource_matched,59,0.6432031249999999,0.8078125
ccdn_0a,202,primary_sparse_resource_matched,60,0.641328125,0.80078125
ccdn_0a,202,primary_sparse_resource_matched,61,0.6636718749999999,0.8125
ccdn_0a,202,primary_sparse_resource_matched,62,0.66953125,0.784375
ccdn_0a,202,primary_sparse_resource_matched,63,0.6471874999999999,0.80625
ccdn_0a,202,primary_sparse_resource_matched,64,0.6422656250000001,0.809375
ccdn_0a,202,primary_sparse_resource_matched,65,0.6721874999999999,0.80625
ccdn_0a,202,primary_sparse_resource_matched,66,0.6598437500000001,0.81328125
ccdn_0a,202,primary_sparse_resource_matched,67,0.6765625,0.80625
ccdn_0a,202,primary_sparse_resource_matched,68,0.6466406250000001,0.803125
ccdn_0a,202,primary_sparse_resource_matched,69,0.6675781249999999,0.8109375
ccdn_0a,202,primary_sparse_resource_matched,70,0.661796875,0.815625
ccdn_0a,202,primary_sparse_resource_matched,71,0.6625,0.81171875
ccdn_0a,202,primary_sparse_resource_matched,72,0.675,0.81484375
ccdn_0a,202,primary_sparse_resource_matched,73,0.645390625,0.79765625
ccdn_0a,202,primary_sparse_resource_matched,74,0.63140625,0.81328125
ccdn_0a,202,primary_sparse_resource_matched,75,0.645234375,0.80625
ccdn_0a,202,primary_sparse_resource_matched,76,0.661171875,0.76484375
ccdn_0a,202,primary_sparse_resource_matched,77,0.6363281249999999,0.7984375
ccdn_0a,202,primary_sparse_resource_matched,78,0.6828125,0.7703125
ccdn_0a,202,primary_sparse_resource_matched,79,0.6713281249999999,0.8125
ccdn_0a,202,primary_sparse_resource_matched,80,0.674453125,0.80390625
ccdn_0a,202,primary_sparse_resource_matched,81,0.6750781250000001,0.81171875
ccdn_0a,202,primary_sparse_resource_matched,82,0.68078125,0.80859375
ccdn_0a,202,primary_sparse_resource_matched,83,0.69765625,0.82265625
ccdn_0a,202,primary_sparse_resource_matched,84,0.6706249999999999,0.80390625
ccdn_0a,202,primary_sparse_resource_matched,85,0.67890625,0.79921875
ccdn_0a,202,primary_sparse_resource_matched,86,0.683828125,0.79921875
ccdn_0a,202,primary_sparse_resource_matched,87,0.6534375,0.8234375
ccdn_0a,202,primary_sparse_resource_matched,88,0.649921875,0.81171875
ccdn_0a,202,primary_sparse_resource_matched,89,0.6605468750000001,0.78359375
ccdn_0a,202,primary_sparse_resource_matched,90,0.6671874999999999,0.81328125
ccdn_0a,202,primary_sparse_resource_matched,91,0.688203125,0.81171875
ccdn_0a,202,primary_sparse_resource_matched,92,0.6862499999999999,0.853125
ccdn_0a,202,primary_sparse_resource_matched,93,0.6547656249999999,0.80625
ccdn_0a,202,primary_sparse_resource_matched,94,0.70640625,0.82734375
ccdn_0a,202,primary_sparse_resource_matched,95,0.6553125,0.8328125
ccdn_0a,202,primary_sparse_resource_matched,96,0.67359375,0.82109375
ccdn_0a,202,primary_sparse_resource_matched,97,0.6799999999999999,0.7671875
ccdn_0a,202,primary_sparse_resource_matched,98,0.66578125,0.82109375
ccdn_0a,202,primary_sparse_resource_matched,99,0.66046875,0.8234375
ccdn_0a,303,primary_sparse_resource_matched,0,0.117109375,0.1453125
ccdn_0a,303,primary_sparse_resource_matched,1,0.15796875,0.19453125
ccdn_0a,303,primary_sparse_resource_matched,2,0.19140625,0.2265625
ccdn_0a,303,primary_sparse_resource_matched,3,0.22578125,0.23515625
ccdn_0a,303,primary_sparse_resource_matched,4,0.236328125,0.27109375
ccdn_0a,303,primary_sparse_resource_matched,5,0.253515625,0.271875
ccdn_0a,303,primary_sparse_resource_matched,6,0.2501562499999999,0.34921875
ccdn_0a,303,primary_sparse_resource_matched,7,0.2770312499999999,0.28984375
ccdn_0a,303,primary_sparse_resource_matched,8,0.296328125,0.353125
ccdn_0a,303,primary_sparse_resource_matched,9,0.3090624999999999,0.40234375
ccdn_0a,303,primary_sparse_resource_matched,10,0.32765625,0.4328125
ccdn_0a,303,primary_sparse_resource_matched,11,0.394375,0.4796875
ccdn_0a,303,primary_sparse_resource_matched,12,0.410390625,0.52265625
ccdn_0a,303,primary_sparse_resource_matched,13,0.399375,0.55546875
ccdn_0a,303,primary_sparse_resource_matched,14,0.416875,0.6359375
ccdn_0a,303,primary_sparse_resource_matched,15,0.4775781249999999,0.6671875
ccdn_0a,303,primary_sparse_resource_matched,16,0.552734375,0.66328125
ccdn_0a,303,primary_sparse_resource_matched,17,0.54171875,0.63125
ccdn_0a,303,primary_sparse_resource_matched,18,0.537890625,0.67890625
ccdn_0a,303,primary_sparse_resource_matched,19,0.6025,0.71015625
ccdn_0a,303,primary_sparse_resource_matched,20,0.54296875,0.71796875
ccdn_0a,303,primary_sparse_resource_matched,21,0.535078125,0.7015625
ccdn_0a,303,primary_sparse_resource_matched,22,0.576171875,0.70234375
ccdn_0a,303,primary_sparse_resource_matched,23,0.58484375,0.715625
ccdn_0a,303,primary_sparse_resource_matched,24,0.601328125,0.7359375
ccdn_0a,303,primary_sparse_resource_matched,25,0.6003125,0.71015625
ccdn_0a,303,primary_sparse_resource_matched,26,0.598515625,0.73359375
ccdn_0a,303,primary_sparse_resource_matched,27,0.641171875,0.775
ccdn_0a,303,primary_sparse_resource_matched,28,0.64734375,0.78046875
ccdn_0a,303,primary_sparse_resource_matched,29,0.64375,0.77734375
ccdn_0a,303,primary_sparse_resource_matched,30,0.63,0.72890625
ccdn_0a,303,primary_sparse_resource_matched,31,0.6114062499999999,0.746875
ccdn_0a,303,primary_sparse_resource_matched,32,0.6311718749999999,0.78046875
ccdn_0a,303,primary_sparse_resource_matched,33,0.614453125,0.77890625
ccdn_0a,303,primary_sparse_resource_matched,34,0.6495312499999999,0.796875
ccdn_0a,303,primary_sparse_resource_matched,35,0.6567968750000001,0.78828125
ccdn_0a,303,primary_sparse_resource_matched,36,0.62453125,0.75546875
ccdn_0a,303,primary_sparse_resource_matched,37,0.6632031250000001,0.76484375
ccdn_0a,303,primary_sparse_resource_matched,38,0.6585156249999999,0.7890625
ccdn_0a,303,primary_sparse_resource_matched,39,0.6573437500000001,0.78984375
ccdn_0a,303,primary_sparse_resource_matched,40,0.649453125,0.8015625
ccdn_0a,303,primary_sparse_resource_matched,41,0.6516406250000001,0.7875
ccdn_0a,303,primary_sparse_resource_matched,42,0.6380468749999999,0.7890625
ccdn_0a,303,primary_sparse_resource_matched,43,0.6246875000000001,0.7640625
ccdn_0a,303,primary_sparse_resource_matched,44,0.633203125,0.7953125
ccdn_0a,303,primary_sparse_resource_matched,45,0.666796875,0.79609375
ccdn_0a,303,primary_sparse_resource_matched,46,0.66625,0.79453125
ccdn_0a,303,primary_sparse_resource_matched,47,0.62625,0.78984375
ccdn_0a,303,primary_sparse_resource_matched,48,0.640703125,0.79609375
ccdn_0a,303,primary_sparse_resource_matched,49,0.64875,0.79921875
ccdn_0a,303,primary_sparse_resource_matched,50,0.638671875,0.79765625
ccdn_0a,303,primary_sparse_resource_matched,51,0.64734375,0.778125
ccdn_0a,303,primary_sparse_resource_matched,52,0.6290625,0.79453125
ccdn_0a,303,primary_sparse_resource_matched,53,0.645,0.79375
ccdn_0a,303,primary_sparse_resource_matched,54,0.64671875,0.79765625
ccdn_0a,303,primary_sparse_resource_matched,55,0.66296875,0.78671875
ccdn_0a,303,primary_sparse_resource_matched,56,0.6426562499999999,0.796875
ccdn_0a,303,primary_sparse_resource_matched,57,0.6621875,0.80625
ccdn_0a,303,primary_sparse_resource_matched,58,0.6593749999999999,0.8109375
ccdn_0a,303,primary_sparse_resource_matched,59,0.64703125,0.8078125
ccdn_0a,303,primary_sparse_resource_matched,60,0.671171875,0.75859375
ccdn_0a,303,primary_sparse_resource_matched,61,0.647890625,0.809375
ccdn_0a,303,primary_sparse_resource_matched,62,0.672109375,0.79921875
ccdn_0a,303,primary_sparse_resource_matched,63,0.6606249999999999,0.79765625
ccdn_0a,303,primary_sparse_resource_matched,64,0.646484375,0.78828125
ccdn_0a,303,primary_sparse_resource_matched,65,0.63234375,0.78125
ccdn_0a,303,primary_sparse_resource_matched,66,0.629140625,0.78359375
ccdn_0a,303,primary_sparse_resource_matched,67,0.6500781250000001,0.79375
ccdn_0a,303,primary_sparse_resource_matched,68,0.67375,0.80078125
ccdn_0a,303,primary_sparse_resource_matched,69,0.6681250000000001,0.803125
ccdn_0a,303,primary_sparse_resource_matched,70,0.64640625,0.79296875
ccdn_0a,303,primary_sparse_resource_matched,71,0.668515625,0.7984375
ccdn_0a,303,primary_sparse_resource_matched,72,0.6930468750000001,0.8234375
ccdn_0a,303,primary_sparse_resource_matched,73,0.660703125,0.79375
ccdn_0a,303,primary_sparse_resource_matched,74,0.6727343750000001,0.803125
ccdn_0a,303,primary_sparse_resource_matched,75,0.67359375,0.8140625
ccdn_0a,303,primary_sparse_resource_matched,76,0.6765625,0.81640625
ccdn_0a,303,primary_sparse_resource_matched,77,0.669140625,0.81796875
ccdn_0a,303,primary_sparse_resource_matched,78,0.6820312499999999,0.8234375
ccdn_0a,303,primary_sparse_resource_matched,79,0.6680468749999999,0.82734375
ccdn_0a,303,primary_sparse_resource_matched,80,0.6914843749999999,0.81484375
ccdn_0a,303,primary_sparse_resource_matched,81,0.680625,0.83828125
ccdn_0a,303,primary_sparse_resource_matched,82,0.709140625,0.815625
ccdn_0a,303,primary_sparse_resource_matched,83,0.6802343750000001,0.82265625
ccdn_0a,303,primary_sparse_resource_matched,84,0.702265625,0.8296875
ccdn_0a,303,primary_sparse_resource_matched,85,0.690546875,0.825
ccdn_0a,303,primary_sparse_resource_matched,86,0.668515625,0.81796875
ccdn_0a,303,primary_sparse_resource_matched,87,0.701484375,0.80859375
ccdn_0a,303,primary_sparse_resource_matched,88,0.65953125,0.80859375
ccdn_0a,303,primary_sparse_resource_matched,89,0.667265625,0.79765625
ccdn_0a,303,primary_sparse_resource_matched,90,0.6746093750000001,0.81953125
ccdn_0a,303,primary_sparse_resource_matched,91,0.6929687499999999,0.8125
ccdn_0a,303,primary_sparse_resource_matched,92,0.702890625,0.8359375
ccdn_0a,303,primary_sparse_resource_matched,93,0.6754687500000001,0.81328125
ccdn_0a,303,primary_sparse_resource_matched,94,0.7103125,0.8375
ccdn_0a,303,primary_sparse_resource_matched,95,0.6458593749999999,0.81640625
ccdn_0a,303,primary_sparse_resource_matched,96,0.659921875,0.80703125
ccdn_0a,303,primary_sparse_resource_matched,97,0.7020312499999999,0.8359375
ccdn_0a,303,primary_sparse_resource_matched,98,0.695625,0.8265625
ccdn_0a,303,primary_sparse_resource_matched,99,0.67296875,0.84140625
continual_backprop,101,contextual_dense_reference,0,0.50515625,0.615625
continual_backprop,101,contextual_dense_reference,1,0.57125,0.74140625
continual_backprop,101,contextual_dense_reference,2,0.6544531250000001,0.80234375
continual_backprop,101,contextual_dense_reference,3,0.673203125,0.8125
continual_backprop,101,contextual_dense_reference,4,0.675078125,0.803125
continual_backprop,101,contextual_dense_reference,5,0.7047656250000001,0.8234375
continual_backprop,101,contextual_dense_reference,6,0.7153906250000001,0.83671875
continual_backprop,101,contextual_dense_reference,7,0.6885937500000001,0.83125
continual_backprop,101,contextual_dense_reference,8,0.723984375,0.83203125
continual_backprop,101,contextual_dense_reference,9,0.7154687499999999,0.828125
continual_backprop,101,contextual_dense_reference,10,0.71765625,0.83984375
continual_backprop,101,contextual_dense_reference,11,0.727890625,0.825
continual_backprop,101,contextual_dense_reference,12,0.7086718750000001,0.8390625
continual_backprop,101,contextual_dense_reference,13,0.7088281249999999,0.84609375
continual_backprop,101,contextual_dense_reference,14,0.7115625000000001,0.85546875
continual_backprop,101,contextual_dense_reference,15,0.72359375,0.84375
continual_backprop,101,contextual_dense_reference,16,0.720390625,0.83515625
continual_backprop,101,contextual_dense_reference,17,0.6953906249999999,0.84453125
continual_backprop,101,contextual_dense_reference,18,0.71765625,0.840625
continual_backprop,101,contextual_dense_reference,19,0.729765625,0.86484375
continual_backprop,101,contextual_dense_reference,20,0.6936718749999999,0.859375
continual_backprop,101,contextual_dense_reference,21,0.709140625,0.83203125
continual_backprop,101,contextual_dense_reference,22,0.726796875,0.8453125
continual_backprop,101,contextual_dense_reference,23,0.7140625,0.84921875
continual_backprop,101,contextual_dense_reference,24,0.745390625,0.85859375
continual_backprop,101,contextual_dense_reference,25,0.7164062499999999,0.85390625
continual_backprop,101,contextual_dense_reference,26,0.743671875,0.8625
continual_backprop,101,contextual_dense_reference,27,0.7321093750000001,0.809375
continual_backprop,101,contextual_dense_reference,28,0.698046875,0.85703125
continual_backprop,101,contextual_dense_reference,29,0.7320312499999999,0.85078125
continual_backprop,101,contextual_dense_reference,30,0.7417968750000001,0.859375
continual_backprop,101,contextual_dense_reference,31,0.7132031249999999,0.84609375
continual_backprop,101,contextual_dense_reference,32,0.748828125,0.8625
continual_backprop,101,contextual_dense_reference,33,0.6964062499999999,0.8390625
continual_backprop,101,contextual_dense_reference,34,0.6913281250000001,0.8453125
continual_backprop,101,contextual_dense_reference,35,0.73109375,0.86796875
continual_backprop,101,contextual_dense_reference,36,0.7286718750000001,0.86015625
continual_backprop,101,contextual_dense_reference,37,0.7325781250000001,0.86171875
continual_backprop,101,contextual_dense_reference,38,0.71296875,0.8765625
continual_backprop,101,contextual_dense_reference,39,0.7221875,0.85703125
continual_backprop,101,contextual_dense_reference,40,0.720390625,0.83046875
continual_backprop,101,contextual_dense_reference,41,0.730703125,0.84921875
continual_backprop,101,contextual_dense_reference,42,0.727578125,0.84921875
continual_backprop,101,contextual_dense_reference,43,0.7403124999999999,0.86015625
continual_backprop,101,contextual_dense_reference,44,0.7280468749999999,0.865625
continual_backprop,101,contextual_dense_reference,45,0.7225,0.85
continual_backprop,101,contextual_dense_reference,46,0.732265625,0.83359375
continual_backprop,101,contextual_dense_reference,47,0.7465625,0.86484375
continual_backprop,101,contextual_dense_reference,48,0.7196875,0.86328125
continual_backprop,101,contextual_dense_reference,49,0.7246093749999999,0.86875
continual_backprop,101,contextual_dense_reference,50,0.7344531249999999,0.865625
continual_backprop,101,contextual_dense_reference,51,0.7472656249999999,0.87734375
continual_backprop,101,contextual_dense_reference,52,0.733203125,0.86796875
continual_backprop,101,contextual_dense_reference,53,0.712890625,0.85625
continual_backprop,101,contextual_dense_reference,54,0.721171875,0.86171875
continual_backprop,101,contextual_dense_reference,55,0.72875,0.86484375
continual_backprop,101,contextual_dense_reference,56,0.73109375,0.87109375
continual_backprop,101,contextual_dense_reference,57,0.71375,0.85546875
continual_backprop,101,contextual_dense_reference,58,0.7346875,0.85234375
continual_backprop,101,contextual_dense_reference,59,0.72703125,0.87734375
continual_backprop,101,contextual_dense_reference,60,0.725078125,0.8484375
continual_backprop,101,contextual_dense_reference,61,0.735703125,0.88125
continual_backprop,101,contextual_dense_reference,62,0.7267187500000001,0.8421875
continual_backprop,101,contextual_dense_reference,63,0.75421875,0.86875
continual_backprop,101,contextual_dense_reference,64,0.7433593749999999,0.8875
continual_backprop,101,contextual_dense_reference,65,0.7346093749999999,0.85390625
continual_backprop,101,contextual_dense_reference,66,0.72390625,0.86484375
continual_backprop,101,contextual_dense_reference,67,0.726328125,0.86171875
continual_backprop,101,contextual_dense_reference,68,0.7404687499999999,0.86875
continual_backprop,101,contextual_dense_reference,69,0.7528125,0.86484375
continual_backprop,101,contextual_dense_reference,70,0.748359375,0.87890625
continual_backprop,101,contextual_dense_reference,71,0.717734375,0.86171875
continual_backprop,101,contextual_dense_reference,72,0.7453124999999999,0.88125
continual_backprop,101,contextual_dense_reference,73,0.74265625,0.85546875
continual_backprop,101,contextual_dense_reference,74,0.72140625,0.85
continual_backprop,101,contextual_dense_reference,75,0.739765625,0.8703125
continual_backprop,101,contextual_dense_reference,76,0.744921875,0.8625
continual_backprop,101,contextual_dense_reference,77,0.7364062499999999,0.86796875
continual_backprop,101,contextual_dense_reference,78,0.7240625,0.85703125
continual_backprop,101,contextual_dense_reference,79,0.7296093749999999,0.86171875
continual_backprop,101,contextual_dense_reference,80,0.74515625,0.85078125
continual_backprop,101,contextual_dense_reference,81,0.7365625,0.87421875
continual_backprop,101,contextual_dense_reference,82,0.7246875,0.88359375
continual_backprop,101,contextual_dense_reference,83,0.7271875000000001,0.88203125
continual_backprop,101,contextual_dense_reference,84,0.7401562500000001,0.87890625
continual_backprop,101,contextual_dense_reference,85,0.7317187500000001,0.859375
continual_backprop,101,contextual_dense_reference,86,0.71796875,0.86171875
continual_backprop,101,contextual_dense_reference,87,0.73734375,0.871875
continual_backprop,101,contextual_dense_reference,88,0.742890625,0.86171875
continual_backprop,101,contextual_dense_reference,89,0.731796875,0.84765625
continual_backprop,101,contextual_dense_reference,90,0.7293749999999999,0.86953125
continual_backprop,101,contextual_dense_reference,91,0.7506250000000001,0.86484375
continual_backprop,101,contextual_dense_reference,92,0.7639843749999999,0.8828125
continual_backprop,101,contextual_dense_reference,93,0.7396875,0.86640625
continual_backprop,101,contextual_dense_reference,94,0.73390625,0.8734375
continual_backprop,101,contextual_dense_reference,95,0.7371093750000001,0.8625
continual_backprop,101,contextual_dense_reference,96,0.734375,0.875
continual_backprop,101,contextual_dense_reference,97,0.75,0.8453125
continual_backprop,101,contextual_dense_reference,98,0.725234375,0.88046875
continual_backprop,101,contextual_dense_reference,99,0.742734375,0.86640625
continual_backprop,202,contextual_dense_reference,0,0.537578125,0.70234375
continual_backprop,202,contextual_dense_reference,1,0.598359375,0.759375
continual_backprop,202,contextual_dense_reference,2,0.643359375,0.7875
continual_backprop,202,contextual_dense_reference,3,0.669921875,0.8234375
continual_backprop,202,contextual_dense_reference,4,0.6758593749999999,0.80703125
continual_backprop,202,contextual_dense_reference,5,0.6740625,0.81953125
continual_backprop,202,contextual_dense_reference,6,0.717578125,0.81875
continual_backprop,202,contextual_dense_reference,7,0.7100000000000001,0.84921875
continual_backprop,202,contextual_dense_reference,8,0.6939843750000001,0.8359375
continual_backprop,202,contextual_dense_reference,9,0.6948437500000001,0.846875
continual_backprop,202,contextual_dense_reference,10,0.721796875,0.8484375
continual_backprop,202,contextual_dense_reference,11,0.690546875,0.83359375
continual_backprop,202,contextual_dense_reference,12,0.681796875,0.83203125
continual_backprop,202,contextual_dense_reference,13,0.72671875,0.84375
continual_backprop,202,contextual_dense_reference,14,0.7093750000000001,0.8484375
continual_backprop,202,contextual_dense_reference,15,0.7145312500000001,0.82421875
continual_backprop,202,contextual_dense_reference,16,0.7251562500000001,0.853125
continual_backprop,202,contextual_dense_reference,17,0.726640625,0.84765625
continual_backprop,202,contextual_dense_reference,18,0.718671875,0.84375
continual_backprop,202,contextual_dense_reference,19,0.7173437500000001,0.84921875
continual_backprop,202,contextual_dense_reference,20,0.73328125,0.809375
continual_backprop,202,contextual_dense_reference,21,0.7096093749999999,0.83046875
continual_backprop,202,contextual_dense_reference,22,0.709921875,0.83515625
continual_backprop,202,contextual_dense_reference,23,0.7170312499999999,0.83203125
continual_backprop,202,contextual_dense_reference,24,0.7194531249999999,0.85
continual_backprop,202,contextual_dense_reference,25,0.7410937499999999,0.84921875
continual_backprop,202,contextual_dense_reference,26,0.7243749999999999,0.846875
continual_backprop,202,contextual_dense_reference,27,0.73171875,0.86640625
continual_backprop,202,contextual_dense_reference,28,0.7277343749999999,0.8546875
continual_backprop,202,contextual_dense_reference,29,0.709375,0.83828125
continual_backprop,202,contextual_dense_reference,30,0.7051562499999999,0.8546875
continual_backprop,202,contextual_dense_reference,31,0.7203125,0.83359375
continual_backprop,202,contextual_dense_reference,32,0.72046875,0.8671875
continual_backprop,202,contextual_dense_reference,33,0.7103906249999999,0.859375
continual_backprop,202,contextual_dense_reference,34,0.71625,0.8546875
continual_backprop,202,contextual_dense_reference,35,0.724296875,0.86015625
continual_backprop,202,contextual_dense_reference,36,0.7310937499999999,0.8625
continual_backprop,202,contextual_dense_reference,37,0.70546875,0.853125
continual_backprop,202,contextual_dense_reference,38,0.733125,0.85078125
continual_backprop,202,contextual_dense_reference,39,0.722890625,0.8640625
continual_backprop,202,contextual_dense_reference,40,0.724453125,0.8484375
continual_backprop,202,contextual_dense_reference,41,0.717265625,0.86640625
continual_backprop,202,contextual_dense_reference,42,0.7261718749999999,0.86484375
continual_backprop,202,contextual_dense_reference,43,0.7462500000000001,0.85078125
continual_backprop,202,contextual_dense_reference,44,0.7253906250000001,0.8640625
continual_backprop,202,contextual_dense_reference,45,0.718046875,0.86796875
continual_backprop,202,contextual_dense_reference,46,0.727265625,0.85
continual_backprop,202,contextual_dense_reference,47,0.7293750000000001,0.853125
continual_backprop,202,contextual_dense_reference,48,0.747109375,0.84765625
continual_backprop,202,contextual_dense_reference,49,0.7400781249999999,0.86328125
continual_backprop,202,contextual_dense_reference,50,0.722109375,0.8625
continual_backprop,202,contextual_dense_reference,51,0.754765625,0.859375
continual_backprop,202,contextual_dense_reference,52,0.729375,0.8515625
continual_backprop,202,contextual_dense_reference,53,0.7239843749999999,0.86328125
continual_backprop,202,contextual_dense_reference,54,0.7490625,0.8578125
continual_backprop,202,contextual_dense_reference,55,0.743671875,0.8453125
continual_backprop,202,contextual_dense_reference,56,0.718984375,0.846875
continual_backprop,202,contextual_dense_reference,57,0.7381250000000001,0.8703125
continual_backprop,202,contextual_dense_reference,58,0.706015625,0.80078125
continual_backprop,202,contextual_dense_reference,59,0.727734375,0.8640625
continual_backprop,202,contextual_dense_reference,60,0.7401562500000001,0.86796875
continual_backprop,202,contextual_dense_reference,61,0.7347656250000001,0.878125
continual_backprop,202,contextual_dense_reference,62,0.7478906249999999,0.840625
continual_backprop,202,contextual_dense_reference,63,0.746796875,0.87265625
continual_backprop,202,contextual_dense_reference,64,0.742421875,0.87109375
continual_backprop,202,contextual_dense_reference,65,0.730625,0.85390625
continual_backprop,202,contextual_dense_reference,66,0.7328125,0.86953125
continual_backprop,202,contextual_dense_reference,67,0.754609375,0.87265625
continual_backprop,202,contextual_dense_reference,68,0.7308593750000001,0.84296875
continual_backprop,202,contextual_dense_reference,69,0.731484375,0.86796875
continual_backprop,202,contextual_dense_reference,70,0.73953125,0.86953125
continual_backprop,202,contextual_dense_reference,71,0.73953125,0.87109375
continual_backprop,202,contextual_dense_reference,72,0.7350000000000001,0.853125
continual_backprop,202,contextual_dense_reference,73,0.743671875,0.87109375
continual_backprop,202,contextual_dense_reference,74,0.71125,0.87734375
continual_backprop,202,contextual_dense_reference,75,0.7334375,0.86640625
continual_backprop,202,contextual_dense_reference,76,0.74578125,0.8640625
continual_backprop,202,contextual_dense_reference,77,0.750703125,0.875
continual_backprop,202,contextual_dense_reference,78,0.7734375000000001,0.853125
continual_backprop,202,contextual_dense_reference,79,0.7459375,0.8703125
continual_backprop,202,contextual_dense_reference,80,0.7596875000000001,0.87109375
continual_backprop,202,contextual_dense_reference,81,0.761640625,0.87421875
continual_backprop,202,contextual_dense_reference,82,0.7339062500000001,0.87890625
continual_backprop,202,contextual_dense_reference,83,0.7685937500000001,0.8765625
continual_backprop,202,contextual_dense_reference,84,0.75265625,0.86796875
continual_backprop,202,contextual_dense_reference,85,0.7431249999999999,0.86875
continual_backprop,202,contextual_dense_reference,86,0.744921875,0.853125
continual_backprop,202,contextual_dense_reference,87,0.73375,0.8640625
continual_backprop,202,contextual_dense_reference,88,0.7306250000000001,0.87421875
continual_backprop,202,contextual_dense_reference,89,0.7378125,0.8703125
continual_backprop,202,contextual_dense_reference,90,0.7441406249999999,0.86953125
continual_backprop,202,contextual_dense_reference,91,0.73265625,0.8765625
continual_backprop,202,contextual_dense_reference,92,0.746328125,0.88671875
continual_backprop,202,contextual_dense_reference,93,0.73734375,0.8671875
continual_backprop,202,contextual_dense_reference,94,0.7571875,0.8765625
continual_backprop,202,contextual_dense_reference,95,0.736328125,0.87890625
continual_backprop,202,contextual_dense_reference,96,0.7403906250000001,0.86875
continual_backprop,202,contextual_dense_reference,97,0.743515625,0.86015625
continual_backprop,202,contextual_dense_reference,98,0.7090624999999999,0.875
continual_backprop,202,contextual_dense_reference,99,0.750078125,0.87734375
continual_backprop,303,contextual_dense_reference,0,0.5250781250000001,0.70859375
continual_backprop,303,contextual_dense_reference,1,0.61828125,0.76015625
continual_backprop,303,contextual_dense_reference,2,0.65234375,0.7765625
continual_backprop,303,contextual_dense_reference,3,0.675859375,0.80390625
continual_backprop,303,contextual_dense_reference,4,0.6978125,0.8078125
continual_backprop,303,contextual_dense_reference,5,0.694609375,0.809375
continual_backprop,303,contextual_dense_reference,6,0.684765625,0.82421875
continual_backprop,303,contextual_dense_reference,7,0.68578125,0.8078125
continual_backprop,303,contextual_dense_reference,8,0.698671875,0.83046875
continual_backprop,303,contextual_dense_reference,9,0.7253125,0.8390625
continual_backprop,303,contextual_dense_reference,10,0.713359375,0.82265625
continual_backprop,303,contextual_dense_reference,11,0.714453125,0.8296875
continual_backprop,303,contextual_dense_reference,12,0.711953125,0.85078125
continual_backprop,303,contextual_dense_reference,13,0.7066406249999999,0.8453125
continual_backprop,303,contextual_dense_reference,14,0.7103124999999999,0.84375
continual_backprop,303,contextual_dense_reference,15,0.719296875,0.834375
continual_backprop,303,contextual_dense_reference,16,0.7350000000000001,0.85
continual_backprop,303,contextual_dense_reference,17,0.727109375,0.8546875
continual_backprop,303,contextual_dense_reference,18,0.707734375,0.79140625
continual_backprop,303,contextual_dense_reference,19,0.731171875,0.853125
continual_backprop,303,contextual_dense_reference,20,0.70796875,0.84609375
continual_backprop,303,contextual_dense_reference,21,0.711875,0.83515625
continual_backprop,303,contextual_dense_reference,22,0.722890625,0.84609375
continual_backprop,303,contextual_dense_reference,23,0.716484375,0.853125
continual_backprop,303,contextual_dense_reference,24,0.719609375,0.84296875
continual_backprop,303,contextual_dense_reference,25,0.70796875,0.82890625
continual_backprop,303,contextual_dense_reference,26,0.70828125,0.85625
continual_backprop,303,contextual_dense_reference,27,0.7378125,0.859375
continual_backprop,303,contextual_dense_reference,28,0.73546875,0.86171875
continual_backprop,303,contextual_dense_reference,29,0.73046875,0.8484375
continual_backprop,303,contextual_dense_reference,30,0.7144531249999999,0.84375
continual_backprop,303,contextual_dense_reference,31,0.7150781249999999,0.85
continual_backprop,303,contextual_dense_reference,32,0.73171875,0.8640625
continual_backprop,303,contextual_dense_reference,33,0.7190624999999999,0.853125
continual_backprop,303,contextual_dense_reference,34,0.7334375,0.8609375
continual_backprop,303,contextual_dense_reference,35,0.7484375,0.853125
continual_backprop,303,contextual_dense_reference,36,0.724375,0.853125
continual_backprop,303,contextual_dense_reference,37,0.7527343750000001,0.85703125
continual_backprop,303,contextual_dense_reference,38,0.699609375,0.8453125
continual_backprop,303,contextual_dense_reference,39,0.710625,0.86796875
continual_backprop,303,contextual_dense_reference,40,0.7167968749999999,0.8640625
continual_backprop,303,contextual_dense_reference,41,0.739296875,0.8515625
continual_backprop,303,contextual_dense_reference,42,0.725234375,0.85234375
continual_backprop,303,contextual_dense_reference,43,0.7309375,0.86640625
continual_backprop,303,contextual_dense_reference,44,0.727734375,0.8625
continual_backprop,303,contextual_dense_reference,45,0.745234375,0.87265625
continual_backprop,303,contextual_dense_reference,46,0.7465624999999999,0.86328125
continual_backprop,303,contextual_dense_reference,47,0.729296875,0.8671875
continual_backprop,303,contextual_dense_reference,48,0.7246875,0.86796875
continual_backprop,303,contextual_dense_reference,49,0.7432812500000001,0.86484375
continual_backprop,303,contextual_dense_reference,50,0.738984375,0.859375
continual_backprop,303,contextual_dense_reference,51,0.7089062500000001,0.84453125
continual_backprop,303,contextual_dense_reference,52,0.732265625,0.86015625
continual_backprop,303,contextual_dense_reference,53,0.744296875,0.86796875
continual_backprop,303,contextual_dense_reference,54,0.7382031250000001,0.85625
continual_backprop,303,contextual_dense_reference,55,0.7344531249999999,0.84921875
continual_backprop,303,contextual_dense_reference,56,0.7281249999999999,0.86484375
continual_backprop,303,contextual_dense_reference,57,0.7410937500000001,0.8703125
continual_backprop,303,contextual_dense_reference,58,0.751953125,0.8625
continual_backprop,303,contextual_dense_reference,59,0.741953125,0.871875
continual_backprop,303,contextual_dense_reference,60,0.74953125,0.846875
continual_backprop,303,contextual_dense_reference,61,0.740859375,0.865625
continual_backprop,303,contextual_dense_reference,62,0.751328125,0.87265625
continual_backprop,303,contextual_dense_reference,63,0.73234375,0.85625
continual_backprop,303,contextual_dense_reference,64,0.7482812499999999,0.86953125
continual_backprop,303,contextual_dense_reference,65,0.716171875,0.86328125
continual_backprop,303,contextual_dense_reference,66,0.7435937499999999,0.87578125
continual_backprop,303,contextual_dense_reference,67,0.7191406250000001,0.853125
continual_backprop,303,contextual_dense_reference,68,0.749765625,0.87109375
continual_backprop,303,contextual_dense_reference,69,0.7409375,0.8640625
continual_backprop,303,contextual_dense_reference,70,0.7301562500000001,0.8515625
continual_backprop,303,contextual_dense_reference,71,0.72796875,0.8546875
continual_backprop,303,contextual_dense_reference,72,0.7455468749999999,0.8765625
continual_backprop,303,contextual_dense_reference,73,0.72421875,0.865625
continual_backprop,303,contextual_dense_reference,74,0.73484375,0.859375
continual_backprop,303,contextual_dense_reference,75,0.734609375,0.86171875
continual_backprop,303,contextual_dense_reference,76,0.710234375,0.8578125
continual_backprop,303,contextual_dense_reference,77,0.735859375,0.8625
continual_backprop,303,contextual_dense_reference,78,0.7164843750000001,0.865625
continual_backprop,303,contextual_dense_reference,79,0.714375,0.87421875
continual_backprop,303,contextual_dense_reference,80,0.74515625,0.871875
continual_backprop,303,contextual_dense_reference,81,0.719609375,0.87734375
continual_backprop,303,contextual_dense_reference,82,0.764765625,0.8671875
continual_backprop,303,contextual_dense_reference,83,0.7399218750000001,0.878125
continual_backprop,303,contextual_dense_reference,84,0.7521875,0.86328125
continual_backprop,303,contextual_dense_reference,85,0.73484375,0.8625
continual_backprop,303,contextual_dense_reference,86,0.7290625,0.8703125
continual_backprop,303,contextual_dense_reference,87,0.765390625,0.86484375
continual_backprop,303,contextual_dense_reference,88,0.72625,0.8578125
continual_backprop,303,contextual_dense_reference,89,0.730625,0.86953125
continual_backprop,303,contextual_dense_reference,90,0.7203124999999999,0.87734375
continual_backprop,303,contextual_dense_reference,91,0.741640625,0.87734375
continual_backprop,303,contextual_dense_reference,92,0.7407031249999999,0.86796875
continual_backprop,303,contextual_dense_reference,93,0.72515625,0.86171875
continual_backprop,303,contextual_dense_reference,94,0.7629687500000001,0.88828125
continual_backprop,303,contextual_dense_reference,95,0.7112499999999999,0.859375
continual_backprop,303,contextual_dense_reference,96,0.73875,0.871875
continual_backprop,303,contextual_dense_reference,97,0.753984375,0.87890625
continual_backprop,303,contextual_dense_reference,98,0.750859375,0.88359375
continual_backprop,303,contextual_dense_reference,99,0.7401562500000001,0.8765625
continual_backprop_sparse,101,primary_sparse_resource_matched,0,0.10515625,0.08828125
continual_backprop_sparse,101,primary_sparse_resource_matched,1,0.1111718749999999,0.14140625
continual_backprop_sparse,101,primary_sparse_resource_matched,2,0.188046875,0.20859375
continual_backprop_sparse,101,primary_sparse_resource_matched,3,0.1955468749999999,0.22265625
continual_backprop_sparse,101,primary_sparse_resource_matched,4,0.2304687499999999,0.23984375
continual_backprop_sparse,101,primary_sparse_resource_matched,5,0.239375,0.2328125
continual_backprop_sparse,101,primary_sparse_resource_matched,6,0.251015625,0.28046875
continual_backprop_sparse,101,primary_sparse_resource_matched,7,0.2553125,0.29609375
continual_backprop_sparse,101,primary_sparse_resource_matched,8,0.26671875,0.29375
continual_backprop_sparse,101,primary_sparse_resource_matched,9,0.271015625,0.31640625
continual_backprop_sparse,101,primary_sparse_resource_matched,10,0.285546875,0.3484375
continual_backprop_sparse,101,primary_sparse_resource_matched,11,0.302265625,0.33203125
continual_backprop_sparse,101,primary_sparse_resource_matched,12,0.31375,0.3984375
continual_backprop_sparse,101,primary_sparse_resource_matched,13,0.3009374999999999,0.359375
continual_backprop_sparse,101,primary_sparse_resource_matched,14,0.3369531249999999,0.40625
continual_backprop_sparse,101,primary_sparse_resource_matched,15,0.367578125,0.4265625
continual_backprop_sparse,101,primary_sparse_resource_matched,16,0.3871875,0.48203125
continual_backprop_sparse,101,primary_sparse_resource_matched,17,0.401953125,0.53203125
continual_backprop_sparse,101,primary_sparse_resource_matched,18,0.4469531249999999,0.58046875
continual_backprop_sparse,101,primary_sparse_resource_matched,19,0.48140625,0.62734375
continual_backprop_sparse,101,primary_sparse_resource_matched,20,0.4909374999999999,0.63671875
continual_backprop_sparse,101,primary_sparse_resource_matched,21,0.54390625,0.665625
continual_backprop_sparse,101,primary_sparse_resource_matched,22,0.5328125,0.66640625
continual_backprop_sparse,101,primary_sparse_resource_matched,23,0.55828125,0.7140625
continual_backprop_sparse,101,primary_sparse_resource_matched,24,0.559296875,0.728125
continual_backprop_sparse,101,primary_sparse_resource_matched,25,0.5728125,0.7109375
continual_backprop_sparse,101,primary_sparse_resource_matched,26,0.5817968750000001,0.734375
continual_backprop_sparse,101,primary_sparse_resource_matched,27,0.567578125,0.696875
continual_backprop_sparse,101,primary_sparse_resource_matched,28,0.5817968750000001,0.728125
continual_backprop_sparse,101,primary_sparse_resource_matched,29,0.5973437500000001,0.74140625
continual_backprop_sparse,101,primary_sparse_resource_matched,30,0.586640625,0.75703125
continual_backprop_sparse,101,primary_sparse_resource_matched,31,0.5910156249999999,0.7453125
continual_backprop_sparse,101,primary_sparse_resource_matched,32,0.61625,0.75390625
continual_backprop_sparse,101,primary_sparse_resource_matched,33,0.599453125,0.74921875
continual_backprop_sparse,101,primary_sparse_resource_matched,34,0.6038281249999999,0.75
continual_backprop_sparse,101,primary_sparse_resource_matched,35,0.60265625,0.75234375
continual_backprop_sparse,101,primary_sparse_resource_matched,36,0.6331249999999999,0.7546875
continual_backprop_sparse,101,primary_sparse_resource_matched,37,0.60890625,0.75859375
continual_backprop_sparse,101,primary_sparse_resource_matched,38,0.6198437499999999,0.775
continual_backprop_sparse,101,primary_sparse_resource_matched,39,0.5784374999999999,0.73125
continual_backprop_sparse,101,primary_sparse_resource_matched,40,0.587265625,0.75546875
continual_backprop_sparse,101,primary_sparse_resource_matched,41,0.59609375,0.753125
continual_backprop_sparse,101,primary_sparse_resource_matched,42,0.608515625,0.76171875
continual_backprop_sparse,101,primary_sparse_resource_matched,43,0.6190625000000001,0.7765625
continual_backprop_sparse,101,primary_sparse_resource_matched,44,0.616640625,0.76796875
continual_backprop_sparse,101,primary_sparse_resource_matched,45,0.623125,0.7609375
continual_backprop_sparse,101,primary_sparse_resource_matched,46,0.6015625,0.76171875
continual_backprop_sparse,101,primary_sparse_resource_matched,47,0.6189843749999999,0.76796875
continual_backprop_sparse,101,primary_sparse_resource_matched,48,0.6072656249999999,0.76484375
continual_backprop_sparse,101,primary_sparse_resource_matched,49,0.6059375,0.77421875
continual_backprop_sparse,101,primary_sparse_resource_matched,50,0.5971093749999999,0.75234375
continual_backprop_sparse,101,primary_sparse_resource_matched,51,0.6064843750000001,0.74453125
continual_backprop_sparse,101,primary_sparse_resource_matched,52,0.6140625,0.7671875
continual_backprop_sparse,101,primary_sparse_resource_matched,53,0.6043750000000001,0.7734375
continual_backprop_sparse,101,primary_sparse_resource_matched,54,0.5775,0.73671875
continual_backprop_sparse,101,primary_sparse_resource_matched,55,0.60421875,0.7609375
continual_backprop_sparse,101,primary_sparse_resource_matched,56,0.5633593750000001,0.734375
continual_backprop_sparse,101,primary_sparse_resource_matched,57,0.6267968749999999,0.7796875
continual_backprop_sparse,101,primary_sparse_resource_matched,58,0.60328125,0.7578125
continual_backprop_sparse,101,primary_sparse_resource_matched,59,0.619375,0.76328125
continual_backprop_sparse,101,primary_sparse_resource_matched,60,0.598125,0.75625
continual_backprop_sparse,101,primary_sparse_resource_matched,61,0.617734375,0.775
continual_backprop_sparse,101,primary_sparse_resource_matched,62,0.60875,0.74140625
continual_backprop_sparse,101,primary_sparse_resource_matched,63,0.645703125,0.77734375
continual_backprop_sparse,101,primary_sparse_resource_matched,64,0.62453125,0.76484375
continual_backprop_sparse,101,primary_sparse_resource_matched,65,0.58921875,0.74453125
continual_backprop_sparse,101,primary_sparse_resource_matched,66,0.615390625,0.76484375
continual_backprop_sparse,101,primary_sparse_resource_matched,67,0.60453125,0.76015625
continual_backprop_sparse,101,primary_sparse_resource_matched,68,0.6278125000000001,0.78125
continual_backprop_sparse,101,primary_sparse_resource_matched,69,0.6378906249999999,0.78828125
continual_backprop_sparse,101,primary_sparse_resource_matched,70,0.620078125,0.771875
continual_backprop_sparse,101,primary_sparse_resource_matched,71,0.6441406249999999,0.76640625
continual_backprop_sparse,101,primary_sparse_resource_matched,72,0.5977343749999999,0.73984375
continual_backprop_sparse,101,primary_sparse_resource_matched,73,0.630390625,0.7921875
continual_backprop_sparse,101,primary_sparse_resource_matched,74,0.6075,0.7609375
continual_backprop_sparse,101,primary_sparse_resource_matched,75,0.619765625,0.77890625
continual_backprop_sparse,101,primary_sparse_resource_matched,76,0.6188281250000001,0.76953125
continual_backprop_sparse,101,primary_sparse_resource_matched,77,0.622578125,0.78515625
continual_backprop_sparse,101,primary_sparse_resource_matched,78,0.6449999999999999,0.78515625
continual_backprop_sparse,101,primary_sparse_resource_matched,79,0.6195312500000001,0.76875
continual_backprop_sparse,101,primary_sparse_resource_matched,80,0.659375,0.7828125
continual_backprop_sparse,101,primary_sparse_resource_matched,81,0.6192187499999999,0.77421875
continual_backprop_sparse,101,primary_sparse_resource_matched,82,0.6253125,0.765625
continual_backprop_sparse,101,primary_sparse_resource_matched,83,0.62078125,0.78046875
continual_backprop_sparse,101,primary_sparse_resource_matched,84,0.653203125,0.790625
continual_backprop_sparse,101,primary_sparse_resource_matched,85,0.6532812499999999,0.78828125
continual_backprop_sparse,101,primary_sparse_resource_matched,86,0.647265625,0.784375
continual_backprop_sparse,101,primary_sparse_resource_matched,87,0.603515625,0.7734375
continual_backprop_sparse,101,primary_sparse_resource_matched,88,0.6307031249999999,0.78046875
continual_backprop_sparse,101,primary_sparse_resource_matched,89,0.6342187499999999,0.7734375
continual_backprop_sparse,101,primary_sparse_resource_matched,90,0.6439843749999999,0.78671875
continual_backprop_sparse,101,primary_sparse_resource_matched,91,0.636328125,0.7859375
continual_backprop_sparse,101,primary_sparse_resource_matched,92,0.648828125,0.7921875
continual_backprop_sparse,101,primary_sparse_resource_matched,93,0.622578125,0.778125
continual_backprop_sparse,101,primary_sparse_resource_matched,94,0.6682031249999999,0.79609375
continual_backprop_sparse,101,primary_sparse_resource_matched,95,0.647421875,0.7828125
continual_backprop_sparse,101,primary_sparse_resource_matched,96,0.6327343750000001,0.76875
continual_backprop_sparse,101,primary_sparse_resource_matched,97,0.6482031250000001,0.79375
continual_backprop_sparse,101,primary_sparse_resource_matched,98,0.6421875,0.79140625
continual_backprop_sparse,101,primary_sparse_resource_matched,99,0.6615625,0.79296875
continual_backprop_sparse,202,primary_sparse_resource_matched,0,0.1084374999999999,0.08515625
continual_backprop_sparse,202,primary_sparse_resource_matched,1,0.127109375,0.178125
continual_backprop_sparse,202,primary_sparse_resource_matched,2,0.2111718749999999,0.26015625
continual_backprop_sparse,202,primary_sparse_resource_matched,3,0.219375,0.25703125
continual_backprop_sparse,202,primary_sparse_resource_matched,4,0.229296875,0.265625
continual_backprop_sparse,202,primary_sparse_resource_matched,5,0.225703125,0.2234375
continual_backprop_sparse,202,primary_sparse_resource_matched,6,0.24640625,0.24921875
continual_backprop_sparse,202,primary_sparse_resource_matched,7,0.2357031249999999,0.2578125
continual_backprop_sparse,202,primary_sparse_resource_matched,8,0.2584375,0.30546875
continual_backprop_sparse,202,primary_sparse_resource_matched,9,0.254296875,0.29140625
continual_backprop_sparse,202,primary_sparse_resource_matched,10,0.28828125,0.321875
continual_backprop_sparse,202,primary_sparse_resource_matched,11,0.3009374999999999,0.34921875
continual_backprop_sparse,202,primary_sparse_resource_matched,12,0.2928906249999999,0.41328125
continual_backprop_sparse,202,primary_sparse_resource_matched,13,0.319140625,0.40234375
continual_backprop_sparse,202,primary_sparse_resource_matched,14,0.3531249999999999,0.42421875
continual_backprop_sparse,202,primary_sparse_resource_matched,15,0.365546875,0.4109375
continual_backprop_sparse,202,primary_sparse_resource_matched,16,0.397421875,0.46484375
continual_backprop_sparse,202,primary_sparse_resource_matched,17,0.385625,0.47265625
continual_backprop_sparse,202,primary_sparse_resource_matched,18,0.399765625,0.5578125
continual_backprop_sparse,202,primary_sparse_resource_matched,19,0.43015625,0.6125
continual_backprop_sparse,202,primary_sparse_resource_matched,20,0.4838281249999999,0.59765625
continual_backprop_sparse,202,primary_sparse_resource_matched,21,0.507109375,0.61796875
continual_backprop_sparse,202,primary_sparse_resource_matched,22,0.500234375,0.65859375
continual_backprop_sparse,202,primary_sparse_resource_matched,23,0.5702343750000001,0.65390625
continual_backprop_sparse,202,primary_sparse_resource_matched,24,0.5453125,0.67421875
continual_backprop_sparse,202,primary_sparse_resource_matched,25,0.529140625,0.6515625
continual_backprop_sparse,202,primary_sparse_resource_matched,26,0.5499999999999999,0.69609375
continual_backprop_sparse,202,primary_sparse_resource_matched,27,0.5744531249999999,0.69375
continual_backprop_sparse,202,primary_sparse_resource_matched,28,0.565859375,0.7109375
continual_backprop_sparse,202,primary_sparse_resource_matched,29,0.59109375,0.7125
continual_backprop_sparse,202,primary_sparse_resource_matched,30,0.5809375,0.70859375
continual_backprop_sparse,202,primary_sparse_resource_matched,31,0.60578125,0.696875
continual_backprop_sparse,202,primary_sparse_resource_matched,32,0.611953125,0.7625
continual_backprop_sparse,202,primary_sparse_resource_matched,33,0.56515625,0.7296875
continual_backprop_sparse,202,primary_sparse_resource_matched,34,0.5809375,0.7640625
continual_backprop_sparse,202,primary_sparse_resource_matched,35,0.577265625,0.7453125
continual_backprop_sparse,202,primary_sparse_resource_matched,36,0.607578125,0.75859375
continual_backprop_sparse,202,primary_sparse_resource_matched,37,0.5859375,0.75703125
continual_backprop_sparse,202,primary_sparse_resource_matched,38,0.616328125,0.746875
continual_backprop_sparse,202,primary_sparse_resource_matched,39,0.5935937499999999,0.7421875
continual_backprop_sparse,202,primary_sparse_resource_matched,40,0.585859375,0.75625
continual_backprop_sparse,202,primary_sparse_resource_matched,41,0.61734375,0.75625
continual_backprop_sparse,202,primary_sparse_resource_matched,42,0.61203125,0.77109375
continual_backprop_sparse,202,primary_sparse_resource_matched,43,0.6314843750000001,0.771875
continual_backprop_sparse,202,primary_sparse_resource_matched,44,0.615625,0.77734375
continual_backprop_sparse,202,primary_sparse_resource_matched,45,0.6299218750000001,0.7796875
continual_backprop_sparse,202,primary_sparse_resource_matched,46,0.61625,0.76484375
continual_backprop_sparse,202,primary_sparse_resource_matched,47,0.60640625,0.75
continual_backprop_sparse,202,primary_sparse_resource_matched,48,0.623046875,0.75859375
continual_backprop_sparse,202,primary_sparse_resource_matched,49,0.6196875,0.7734375
continual_backprop_sparse,202,primary_sparse_resource_matched,50,0.600703125,0.77421875
continual_backprop_sparse,202,primary_sparse_resource_matched,51,0.6158593750000001,0.7546875
continual_backprop_sparse,202,primary_sparse_resource_matched,52,0.6107812499999999,0.7640625
continual_backprop_sparse,202,primary_sparse_resource_matched,53,0.56953125,0.7640625
continual_backprop_sparse,202,primary_sparse_resource_matched,54,0.604296875,0.746875
continual_backprop_sparse,202,primary_sparse_resource_matched,55,0.612109375,0.76796875
continual_backprop_sparse,202,primary_sparse_resource_matched,56,0.60890625,0.7625
continual_backprop_sparse,202,primary_sparse_resource_matched,57,0.6484375,0.7859375
continual_backprop_sparse,202,primary_sparse_resource_matched,58,0.6086718750000001,0.7375
continual_backprop_sparse,202,primary_sparse_resource_matched,59,0.626796875,0.78359375
continual_backprop_sparse,202,primary_sparse_resource_matched,60,0.5922656249999999,0.7546875
continual_backprop_sparse,202,primary_sparse_resource_matched,61,0.6565624999999999,0.809375
continual_backprop_sparse,202,primary_sparse_resource_matched,62,0.63546875,0.7609375
continual_backprop_sparse,202,primary_sparse_resource_matched,63,0.64234375,0.7984375
continual_backprop_sparse,202,primary_sparse_resource_matched,64,0.64296875,0.79453125
continual_backprop_sparse,202,primary_sparse_resource_matched,65,0.647109375,0.78671875
continual_backprop_sparse,202,primary_sparse_resource_matched,66,0.623984375,0.778125
continual_backprop_sparse,202,primary_sparse_resource_matched,67,0.6442187500000001,0.7828125
continual_backprop_sparse,202,primary_sparse_resource_matched,68,0.63359375,0.778125
continual_backprop_sparse,202,primary_sparse_resource_matched,69,0.6329687499999999,0.79765625
continual_backprop_sparse,202,primary_sparse_resource_matched,70,0.62734375,0.7859375
continual_backprop_sparse,202,primary_sparse_resource_matched,71,0.6268750000000001,0.784375
continual_backprop_sparse,202,primary_sparse_resource_matched,72,0.6553125,0.7984375
continual_backprop_sparse,202,primary_sparse_resource_matched,73,0.63109375,0.77890625
continual_backprop_sparse,202,primary_sparse_resource_matched,74,0.6340625,0.78359375
continual_backprop_sparse,202,primary_sparse_resource_matched,75,0.6359375,0.796875
continual_backprop_sparse,202,primary_sparse_resource_matched,76,0.63796875,0.778125
continual_backprop_sparse,202,primary_sparse_resource_matched,77,0.643203125,0.78046875
continual_backprop_sparse,202,primary_sparse_resource_matched,78,0.6603125,0.79453125
continual_backprop_sparse,202,primary_sparse_resource_matched,79,0.6375,0.784375
continual_backprop_sparse,202,primary_sparse_resource_matched,80,0.654140625,0.796875
continual_backprop_sparse,202,primary_sparse_resource_matched,81,0.6571875,0.79296875
continual_backprop_sparse,202,primary_sparse_resource_matched,82,0.6653125,0.80859375
continual_backprop_sparse,202,primary_sparse_resource_matched,83,0.690234375,0.803125
continual_backprop_sparse,202,primary_sparse_resource_matched,84,0.6540625,0.7828125
continual_backprop_sparse,202,primary_sparse_resource_matched,85,0.66421875,0.7875
continual_backprop_sparse,202,primary_sparse_resource_matched,86,0.659765625,0.7984375
continual_backprop_sparse,202,primary_sparse_resource_matched,87,0.64796875,0.771875
continual_backprop_sparse,202,primary_sparse_resource_matched,88,0.625703125,0.78671875
continual_backprop_sparse,202,primary_sparse_resource_matched,89,0.642578125,0.79296875
continual_backprop_sparse,202,primary_sparse_resource_matched,90,0.6411718750000001,0.78671875
continual_backprop_sparse,202,primary_sparse_resource_matched,91,0.670546875,0.8
continual_backprop_sparse,202,primary_sparse_resource_matched,92,0.656328125,0.81796875
continual_backprop_sparse,202,primary_sparse_resource_matched,93,0.644296875,0.7828125
continual_backprop_sparse,202,primary_sparse_resource_matched,94,0.67390625,0.80234375
continual_backprop_sparse,202,primary_sparse_resource_matched,95,0.6415625,0.81484375
continual_backprop_sparse,202,primary_sparse_resource_matched,96,0.652890625,0.8
continual_backprop_sparse,202,primary_sparse_resource_matched,97,0.6592968749999999,0.778125
continual_backprop_sparse,202,primary_sparse_resource_matched,98,0.64375,0.79921875
continual_backprop_sparse,202,primary_sparse_resource_matched,99,0.662890625,0.80390625
continual_backprop_sparse,303,primary_sparse_resource_matched,0,0.117109375,0.1453125
continual_backprop_sparse,303,primary_sparse_resource_matched,1,0.15890625,0.19296875
continual_backprop_sparse,303,primary_sparse_resource_matched,2,0.18375,0.20625
continual_backprop_sparse,303,primary_sparse_resource_matched,3,0.213515625,0.209375
continual_backprop_sparse,303,primary_sparse_resource_matched,4,0.2190625,0.25
continual_backprop_sparse,303,primary_sparse_resource_matched,5,0.238984375,0.25390625
continual_backprop_sparse,303,primary_sparse_resource_matched,6,0.2278125,0.2515625
continual_backprop_sparse,303,primary_sparse_resource_matched,7,0.25140625,0.3203125
continual_backprop_sparse,303,primary_sparse_resource_matched,8,0.273671875,0.325
continual_backprop_sparse,303,primary_sparse_resource_matched,9,0.266875,0.334375
continual_backprop_sparse,303,primary_sparse_resource_matched,10,0.2953125,0.3640625
continual_backprop_sparse,303,primary_sparse_resource_matched,11,0.28625,0.3390625
continual_backprop_sparse,303,primary_sparse_resource_matched,12,0.286484375,0.3515625
continual_backprop_sparse,303,primary_sparse_resource_matched,13,0.307734375,0.3984375
continual_backprop_sparse,303,primary_sparse_resource_matched,14,0.31625,0.38984375
continual_backprop_sparse,303,primary_sparse_resource_matched,15,0.335546875,0.475
continual_backprop_sparse,303,primary_sparse_resource_matched,16,0.3092968749999999,0.45859375
continual_backprop_sparse,303,primary_sparse_resource_matched,17,0.361328125,0.43125
continual_backprop_sparse,303,primary_sparse_resource_matched,18,0.38546875,0.44609375
continual_backprop_sparse,303,primary_sparse_resource_matched,19,0.38421875,0.571875
continual_backprop_sparse,303,primary_sparse_resource_matched,20,0.406015625,0.5453125
continual_backprop_sparse,303,primary_sparse_resource_matched,21,0.4396874999999999,0.57109375
continual_backprop_sparse,303,primary_sparse_resource_matched,22,0.473203125,0.63671875
continual_backprop_sparse,303,primary_sparse_resource_matched,23,0.5037499999999999,0.66015625
continual_backprop_sparse,303,primary_sparse_resource_matched,24,0.53671875,0.6796875
continual_backprop_sparse,303,primary_sparse_resource_matched,25,0.519375,0.6421875
continual_backprop_sparse,303,primary_sparse_resource_matched,26,0.5283593750000001,0.6765625
continual_backprop_sparse,303,primary_sparse_resource_matched,27,0.57484375,0.71796875
continual_backprop_sparse,303,primary_sparse_resource_matched,28,0.555546875,0.7109375
continual_backprop_sparse,303,primary_sparse_resource_matched,29,0.5709374999999999,0.70859375
continual_backprop_sparse,303,primary_sparse_resource_matched,30,0.5638281249999999,0.69375
continual_backprop_sparse,303,primary_sparse_resource_matched,31,0.56875,0.7171875
continual_backprop_sparse,303,primary_sparse_resource_matched,32,0.570703125,0.71875
continual_backprop_sparse,303,primary_sparse_resource_matched,33,0.5777343749999999,0.740625
continual_backprop_sparse,303,primary_sparse_resource_matched,34,0.57796875,0.74453125
continual_backprop_sparse,303,primary_sparse_resource_matched,35,0.603515625,0.7328125
continual_backprop_sparse,303,primary_sparse_resource_matched,36,0.5882031249999999,0.72890625
continual_backprop_sparse,303,primary_sparse_resource_matched,37,0.62203125,0.74296875
continual_backprop_sparse,303,primary_sparse_resource_matched,38,0.60671875,0.74453125
continual_backprop_sparse,303,primary_sparse_resource_matched,39,0.609375,0.76328125
continual_backprop_sparse,303,primary_sparse_resource_matched,40,0.5971875000000001,0.74609375
continual_backprop_sparse,303,primary_sparse_resource_matched,41,0.610390625,0.740625
continual_backprop_sparse,303,primary_sparse_resource_matched,42,0.6025,0.753125
continual_backprop_sparse,303,primary_sparse_resource_matched,43,0.594296875,0.75859375
continual_backprop_sparse,303,primary_sparse_resource_matched,44,0.631796875,0.76328125
continual_backprop_sparse,303,primary_sparse_resource_matched,45,0.64796875,0.78125
continual_backprop_sparse,303,primary_sparse_resource_matched,46,0.623203125,0.75859375
continual_backprop_sparse,303,primary_sparse_resource_matched,47,0.590546875,0.75859375
continual_backprop_sparse,303,primary_sparse_resource_matched,48,0.6132031250000001,0.76171875
continual_backprop_sparse,303,primary_sparse_resource_matched,49,0.6248437499999999,0.778125
continual_backprop_sparse,303,primary_sparse_resource_matched,50,0.633046875,0.78125
continual_backprop_sparse,303,primary_sparse_resource_matched,51,0.62234375,0.75234375
continual_backprop_sparse,303,primary_sparse_resource_matched,52,0.599765625,0.759375
continual_backprop_sparse,303,primary_sparse_resource_matched,53,0.6178125,0.76171875
continual_backprop_sparse,303,primary_sparse_resource_matched,54,0.6129687500000001,0.75859375
continual_backprop_sparse,303,primary_sparse_resource_matched,55,0.6314062500000001,0.75
continual_backprop_sparse,303,primary_sparse_resource_matched,56,0.604609375,0.77578125
continual_backprop_sparse,303,primary_sparse_resource_matched,57,0.6278125,0.771875
continual_backprop_sparse,303,primary_sparse_resource_matched,58,0.622109375,0.77265625
continual_backprop_sparse,303,primary_sparse_resource_matched,59,0.623671875,0.7703125
continual_backprop_sparse,303,primary_sparse_resource_matched,60,0.631796875,0.75
continual_backprop_sparse,303,primary_sparse_resource_matched,61,0.640078125,0.78046875
continual_backprop_sparse,303,primary_sparse_resource_matched,62,0.637578125,0.78671875
continual_backprop_sparse,303,primary_sparse_resource_matched,63,0.6175,0.765625
continual_backprop_sparse,303,primary_sparse_resource_matched,64,0.61328125,0.7609375
continual_backprop_sparse,303,primary_sparse_resource_matched,65,0.62796875,0.7671875
continual_backprop_sparse,303,primary_sparse_resource_matched,66,0.628203125,0.7671875
continual_backprop_sparse,303,primary_sparse_resource_matched,67,0.64453125,0.78046875
continual_backprop_sparse,303,primary_sparse_resource_matched,68,0.632890625,0.778125
continual_backprop_sparse,303,primary_sparse_resource_matched,69,0.6341406249999999,0.77421875
continual_backprop_sparse,303,primary_sparse_resource_matched,70,0.6188281250000001,0.746875
continual_backprop_sparse,303,primary_sparse_resource_matched,71,0.62875,0.7625
continual_backprop_sparse,303,primary_sparse_resource_matched,72,0.634140625,0.78671875
continual_backprop_sparse,303,primary_sparse_resource_matched,73,0.6208593750000001,0.775
continual_backprop_sparse,303,primary_sparse_resource_matched,74,0.625234375,0.7703125
continual_backprop_sparse,303,primary_sparse_resource_matched,75,0.6367968749999999,0.7859375
continual_backprop_sparse,303,primary_sparse_resource_matched,76,0.627734375,0.778125
continual_backprop_sparse,303,primary_sparse_resource_matched,77,0.6315625,0.79296875
continual_backprop_sparse,303,primary_sparse_resource_matched,78,0.645390625,0.77578125
continual_backprop_sparse,303,primary_sparse_resource_matched,79,0.6428125,0.78515625
continual_backprop_sparse,303,primary_sparse_resource_matched,80,0.6430468749999999,0.76640625
continual_backprop_sparse,303,primary_sparse_resource_matched,81,0.644140625,0.8
continual_backprop_sparse,303,primary_sparse_resource_matched,82,0.6748437500000001,0.790625
continual_backprop_sparse,303,primary_sparse_resource_matched,83,0.6285937500000001,0.7734375
continual_backprop_sparse,303,primary_sparse_resource_matched,84,0.64125,0.78984375
continual_backprop_sparse,303,primary_sparse_resource_matched,85,0.640078125,0.77421875
continual_backprop_sparse,303,primary_sparse_resource_matched,86,0.6486718749999999,0.79140625
continual_backprop_sparse,303,primary_sparse_resource_matched,87,0.660703125,0.79140625
continual_backprop_sparse,303,primary_sparse_resource_matched,88,0.6524218749999999,0.778125
continual_backprop_sparse,303,primary_sparse_resource_matched,89,0.643046875,0.76640625
continual_backprop_sparse,303,primary_sparse_resource_matched,90,0.646015625,0.7859375
continual_backprop_sparse,303,primary_sparse_resource_matched,91,0.6453125,0.775
continual_backprop_sparse,303,primary_sparse_resource_matched,92,0.6584375,0.80390625
continual_backprop_sparse,303,primary_sparse_resource_matched,93,0.6341406249999999,0.77890625
continual_backprop_sparse,303,primary_sparse_resource_matched,94,0.6528906250000001,0.78984375
continual_backprop_sparse,303,primary_sparse_resource_matched,95,0.6485937500000001,0.78046875
continual_backprop_sparse,303,primary_sparse_resource_matched,96,0.634140625,0.7890625
continual_backprop_sparse,303,primary_sparse_resource_matched,97,0.651484375,0.78515625
continual_backprop_sparse,303,primary_sparse_resource_matched,98,0.6535937500000001,0.7859375
continual_backprop_sparse,303,primary_sparse_resource_matched,99,0.6457031249999999,0.80078125
rigl,101,primary_sparse_resource_matched,0,0.10515625,0.08828125
rigl,101,primary_sparse_resource_matched,1,0.114453125,0.16484375
rigl,101,primary_sparse_resource_matched,2,0.193828125,0.20625
rigl,101,primary_sparse_resource_matched,3,0.202890625,0.22890625
rigl,101,primary_sparse_resource_matched,4,0.2328125,0.24765625
rigl,101,primary_sparse_resource_matched,5,0.2552343749999999,0.246875
rigl,101,primary_sparse_resource_matched,6,0.2546875,0.35078125
rigl,101,primary_sparse_resource_matched,7,0.274609375,0.32578125
rigl,101,primary_sparse_resource_matched,8,0.28640625,0.2640625
rigl,101,primary_sparse_resource_matched,9,0.28109375,0.31875
rigl,101,primary_sparse_resource_matched,10,0.2478125,0.28671875
rigl,101,primary_sparse_resource_matched,11,0.304765625,0.38515625
rigl,101,primary_sparse_resource_matched,12,0.3253125,0.3890625
rigl,101,primary_sparse_resource_matched,13,0.355703125,0.38203125
rigl,101,primary_sparse_resource_matched,14,0.387109375,0.5703125
rigl,101,primary_sparse_resource_matched,15,0.421328125,0.6
rigl,101,primary_sparse_resource_matched,16,0.49859375,0.66875
rigl,101,primary_sparse_resource_matched,17,0.521640625,0.65703125
rigl,101,primary_sparse_resource_matched,18,0.523203125,0.6421875
rigl,101,primary_sparse_resource_matched,19,0.515234375,0.61875
rigl,101,primary_sparse_resource_matched,20,0.48984375,0.6671875
rigl,101,primary_sparse_resource_matched,21,0.536328125,0.61953125
rigl,101,primary_sparse_resource_matched,22,0.54515625,0.6484375
rigl,101,primary_sparse_resource_matched,23,0.536328125,0.65078125
rigl,101,primary_sparse_resource_matched,24,0.5812499999999999,0.7203125
rigl,101,primary_sparse_resource_matched,25,0.5660937500000001,0.71796875
rigl,101,primary_sparse_resource_matched,26,0.5960937500000001,0.7359375
rigl,101,primary_sparse_resource_matched,27,0.5851562499999999,0.72109375
rigl,101,primary_sparse_resource_matched,28,0.598046875,0.73671875
rigl,101,primary_sparse_resource_matched,29,0.601953125,0.765625
rigl,101,primary_sparse_resource_matched,30,0.6241406249999999,0.75234375
rigl,101,primary_sparse_resource_matched,31,0.5887499999999999,0.74140625
rigl,101,primary_sparse_resource_matched,32,0.621328125,0.753125
rigl,101,primary_sparse_resource_matched,33,0.6042968750000001,0.75390625
rigl,101,primary_sparse_resource_matched,34,0.626484375,0.76640625
rigl,101,primary_sparse_resource_matched,35,0.616953125,0.76796875
rigl,101,primary_sparse_resource_matched,36,0.636171875,0.753125
rigl,101,primary_sparse_resource_matched,37,0.585234375,0.740625
rigl,101,primary_sparse_resource_matched,38,0.6078125,0.76015625
rigl,101,primary_sparse_resource_matched,39,0.57140625,0.7359375
rigl,101,primary_sparse_resource_matched,40,0.58765625,0.69609375
rigl,101,primary_sparse_resource_matched,41,0.61953125,0.76640625
rigl,101,primary_sparse_resource_matched,42,0.5887499999999999,0.75234375
rigl,101,primary_sparse_resource_matched,43,0.5903906250000001,0.7671875
rigl,101,primary_sparse_resource_matched,44,0.61015625,0.765625
rigl,101,primary_sparse_resource_matched,45,0.5951562499999999,0.75
rigl,101,primary_sparse_resource_matched,46,0.6128125000000001,0.75703125
rigl,101,primary_sparse_resource_matched,47,0.620234375,0.7734375
rigl,101,primary_sparse_resource_matched,48,0.5775,0.7546875
rigl,101,primary_sparse_resource_matched,49,0.5878125,0.76171875
rigl,101,primary_sparse_resource_matched,50,0.58640625,0.76015625
rigl,101,primary_sparse_resource_matched,51,0.608828125,0.775
rigl,101,primary_sparse_resource_matched,52,0.61328125,0.75859375
rigl,101,primary_sparse_resource_matched,53,0.589140625,0.7625
rigl,101,primary_sparse_resource_matched,54,0.5990624999999999,0.753125
rigl,101,primary_sparse_resource_matched,55,0.616875,0.7671875
rigl,101,primary_sparse_resource_matched,56,0.5667968750000001,0.7515625
rigl,101,primary_sparse_resource_matched,57,0.608671875,0.76484375
rigl,101,primary_sparse_resource_matched,58,0.6103125,0.75703125
rigl,101,primary_sparse_resource_matched,59,0.6207031249999999,0.73984375
rigl,101,primary_sparse_resource_matched,60,0.58046875,0.7375
rigl,101,primary_sparse_resource_matched,61,0.58203125,0.74375
rigl,101,primary_sparse_resource_matched,62,0.5925,0.73515625
rigl,101,primary_sparse_resource_matched,63,0.596484375,0.753125
rigl,101,primary_sparse_resource_matched,64,0.6271093750000001,0.76171875
rigl,101,primary_sparse_resource_matched,65,0.58796875,0.75546875
rigl,101,primary_sparse_resource_matched,66,0.5946093750000001,0.7453125
rigl,101,primary_sparse_resource_matched,67,0.59078125,0.76484375
rigl,101,primary_sparse_resource_matched,68,0.6204687500000001,0.76953125
rigl,101,primary_sparse_resource_matched,69,0.6275781249999999,0.765625
rigl,101,primary_sparse_resource_matched,70,0.603515625,0.7765625
rigl,101,primary_sparse_resource_matched,71,0.644453125,0.77265625
rigl,101,primary_sparse_resource_matched,72,0.5914062499999999,0.75078125
rigl,101,primary_sparse_resource_matched,73,0.6151562500000001,0.759375
rigl,101,primary_sparse_resource_matched,74,0.6074999999999999,0.76953125
rigl,101,primary_sparse_resource_matched,75,0.62296875,0.78515625
rigl,101,primary_sparse_resource_matched,76,0.59328125,0.74609375
rigl,101,primary_sparse_resource_matched,77,0.5636718749999999,0.73984375
rigl,101,primary_sparse_resource_matched,78,0.598984375,0.74765625
rigl,101,primary_sparse_resource_matched,79,0.61984375,0.778125
rigl,101,primary_sparse_resource_matched,80,0.6205468749999999,0.765625
rigl,101,primary_sparse_resource_matched,81,0.61546875,0.77890625
rigl,101,primary_sparse_resource_matched,82,0.571171875,0.7609375
rigl,101,primary_sparse_resource_matched,83,0.5953124999999999,0.75703125
rigl,101,primary_sparse_resource_matched,84,0.6187499999999999,0.76953125
rigl,101,primary_sparse_resource_matched,85,0.6350781249999999,0.78046875
rigl,101,primary_sparse_resource_matched,86,0.6446875000000001,0.77421875
rigl,101,primary_sparse_resource_matched,87,0.589921875,0.75703125
rigl,101,primary_sparse_resource_matched,88,0.61875,0.759375
rigl,101,primary_sparse_resource_matched,89,0.615078125,0.75
rigl,101,primary_sparse_resource_matched,90,0.62515625,0.76484375
rigl,101,primary_sparse_resource_matched,91,0.595859375,0.77421875
rigl,101,primary_sparse_resource_matched,92,0.645625,0.778125
rigl,101,primary_sparse_resource_matched,93,0.578515625,0.73125
rigl,101,primary_sparse_resource_matched,94,0.628359375,0.7734375
rigl,101,primary_sparse_resource_matched,95,0.619609375,0.771875
rigl,101,primary_sparse_resource_matched,96,0.6348437500000002,0.76015625
rigl,101,primary_sparse_resource_matched,97,0.613359375,0.7453125
rigl,101,primary_sparse_resource_matched,98,0.588984375,0.7265625
rigl,101,primary_sparse_resource_matched,99,0.6385156249999999,0.76953125
rigl,202,primary_sparse_resource_matched,0,0.1084374999999999,0.08515625
rigl,202,primary_sparse_resource_matched,1,0.13546875,0.18828125
rigl,202,primary_sparse_resource_matched,2,0.209296875,0.27265625
rigl,202,primary_sparse_resource_matched,3,0.229375,0.25703125
rigl,202,primary_sparse_resource_matched,4,0.233359375,0.2984375
rigl,202,primary_sparse_resource_matched,5,0.24546875,0.2734375
rigl,202,primary_sparse_resource_matched,6,0.269609375,0.3171875
rigl,202,primary_sparse_resource_matched,7,0.279375,0.35390625
rigl,202,primary_sparse_resource_matched,8,0.315,0.3640625
rigl,202,primary_sparse_resource_matched,9,0.3028125,0.47109375
rigl,202,primary_sparse_resource_matched,10,0.353125,0.41640625
rigl,202,primary_sparse_resource_matched,11,0.3456249999999999,0.49765625
rigl,202,primary_sparse_resource_matched,12,0.37625,0.42890625
rigl,202,primary_sparse_resource_matched,13,0.3710156249999999,0.48046875
rigl,202,primary_sparse_resource_matched,14,0.390625,0.60234375
rigl,202,primary_sparse_resource_matched,15,0.42828125,0.578125
rigl,202,primary_sparse_resource_matched,16,0.488515625,0.59296875
rigl,202,primary_sparse_resource_matched,17,0.516640625,0.609375
rigl,202,primary_sparse_resource_matched,18,0.516328125,0.6359375
rigl,202,primary_sparse_resource_matched,19,0.53109375,0.65
rigl,202,primary_sparse_resource_matched,20,0.540546875,0.6109375
rigl,202,primary_sparse_resource_matched,21,0.509921875,0.55546875
rigl,202,primary_sparse_resource_matched,22,0.575,0.684375
rigl,202,primary_sparse_resource_matched,23,0.5810937500000001,0.66171875
rigl,202,primary_sparse_resource_matched,24,0.5558593749999999,0.66328125
rigl,202,primary_sparse_resource_matched,25,0.57578125,0.68203125
rigl,202,primary_sparse_resource_matched,26,0.5334375,0.675
rigl,202,primary_sparse_resource_matched,27,0.560703125,0.68515625
rigl,202,primary_sparse_resource_matched,28,0.563203125,0.7140625
rigl,202,primary_sparse_resource_matched,29,0.587421875,0.6875
rigl,202,primary_sparse_resource_matched,30,0.576328125,0.68984375
rigl,202,primary_sparse_resource_matched,31,0.59296875,0.69140625
rigl,202,primary_sparse_resource_matched,32,0.6133593749999999,0.75390625
rigl,202,primary_sparse_resource_matched,33,0.5971875,0.76875
rigl,202,primary_sparse_resource_matched,34,0.579765625,0.75625
rigl,202,primary_sparse_resource_matched,35,0.5910937499999999,0.75234375
rigl,202,primary_sparse_resource_matched,36,0.6153906250000001,0.76640625
rigl,202,primary_sparse_resource_matched,37,0.6112500000000001,0.7875
rigl,202,primary_sparse_resource_matched,38,0.615703125,0.753125
rigl,202,primary_sparse_resource_matched,39,0.5957031250000001,0.753125
rigl,202,primary_sparse_resource_matched,40,0.603046875,0.746875
rigl,202,primary_sparse_resource_matched,41,0.6101562500000001,0.775
rigl,202,primary_sparse_resource_matched,42,0.635234375,0.79453125
rigl,202,primary_sparse_resource_matched,43,0.624375,0.77421875
rigl,202,primary_sparse_resource_matched,44,0.6292187499999999,0.77890625
rigl,202,primary_sparse_resource_matched,45,0.64453125,0.76328125
rigl,202,primary_sparse_resource_matched,46,0.613984375,0.76328125
rigl,202,primary_sparse_resource_matched,47,0.606484375,0.7484375
rigl,202,primary_sparse_resource_matched,48,0.621875,0.74609375
rigl,202,primary_sparse_resource_matched,49,0.642109375,0.7765625
rigl,202,primary_sparse_resource_matched,50,0.59984375,0.75390625
rigl,202,primary_sparse_resource_matched,51,0.6395312500000001,0.765625
rigl,202,primary_sparse_resource_matched,52,0.612578125,0.75390625
rigl,202,primary_sparse_resource_matched,53,0.587109375,0.7625
rigl,202,primary_sparse_resource_matched,54,0.610625,0.73828125
rigl,202,primary_sparse_resource_matched,55,0.6253125,0.77734375
rigl,202,primary_sparse_resource_matched,56,0.607109375,0.775
rigl,202,primary_sparse_resource_matched,57,0.630625,0.7765625
rigl,202,primary_sparse_resource_matched,58,0.6039062500000001,0.728125
rigl,202,primary_sparse_resource_matched,59,0.595390625,0.78359375
rigl,202,primary_sparse_resource_matched,60,0.5850781249999999,0.75
rigl,202,primary_sparse_resource_matched,61,0.634140625,0.78046875
rigl,202,primary_sparse_resource_matched,62,0.626015625,0.74765625
rigl,202,primary_sparse_resource_matched,63,0.6053124999999999,0.76328125
rigl,202,primary_sparse_resource_matched,64,0.577734375,0.7625
rigl,202,primary_sparse_resource_matched,65,0.606015625,0.75546875
rigl,202,primary_sparse_resource_matched,66,0.60671875,0.75703125
rigl,202,primary_sparse_resource_matched,67,0.601328125,0.75078125
rigl,202,primary_sparse_resource_matched,68,0.5895312500000001,0.75
rigl,202,primary_sparse_resource_matched,69,0.59125,0.775
rigl,202,primary_sparse_resource_matched,70,0.5940625,0.753125
rigl,202,primary_sparse_resource_matched,71,0.602109375,0.77265625
rigl,202,primary_sparse_resource_matched,72,0.6171875,0.76328125
rigl,202,primary_sparse_resource_matched,73,0.58671875,0.7453125
rigl,202,primary_sparse_resource_matched,74,0.5773437499999999,0.75
rigl,202,primary_sparse_resource_matched,75,0.556328125,0.71875
rigl,202,primary_sparse_resource_matched,76,0.58765625,0.7359375
rigl,202,primary_sparse_resource_matched,77,0.575078125,0.746875
rigl,202,primary_sparse_resource_matched,78,0.6109374999999999,0.7640625
rigl,202,primary_sparse_resource_matched,79,0.63546875,0.78125
rigl,202,primary_sparse_resource_matched,80,0.6082812500000001,0.75625
rigl,202,primary_sparse_resource_matched,81,0.623671875,0.77109375
rigl,202,primary_sparse_resource_matched,82,0.63328125,0.78046875
rigl,202,primary_sparse_resource_matched,83,0.6490625000000001,0.78515625
rigl,202,primary_sparse_resource_matched,84,0.64140625,0.77578125
rigl,202,primary_sparse_resource_matched,85,0.6410156250000001,0.77109375
rigl,202,primary_sparse_resource_matched,86,0.6228125,0.7609375
rigl,202,primary_sparse_resource_matched,87,0.61609375,0.778125
rigl,202,primary_sparse_resource_matched,88,0.5640624999999999,0.75390625
rigl,202,primary_sparse_resource_matched,89,0.593984375,0.75390625
rigl,202,primary_sparse_resource_matched,90,0.609140625,0.76328125
rigl,202,primary_sparse_resource_matched,91,0.62578125,0.76796875
rigl,202,primary_sparse_resource_matched,92,0.6303125,0.7921875
rigl,202,primary_sparse_resource_matched,93,0.599453125,0.734375
rigl,202,primary_sparse_resource_matched,94,0.65015625,0.78046875
rigl,202,primary_sparse_resource_matched,95,0.587421875,0.7703125
rigl,202,primary_sparse_resource_matched,96,0.597265625,0.7609375
rigl,202,primary_sparse_resource_matched,97,0.612265625,0.7375
rigl,202,primary_sparse_resource_matched,98,0.5957812499999999,0.75234375
rigl,202,primary_sparse_resource_matched,99,0.6225,0.73984375
rigl,303,primary_sparse_resource_matched,0,0.117109375,0.1453125
rigl,303,primary_sparse_resource_matched,1,0.1596875,0.19609375
rigl,303,primary_sparse_resource_matched,2,0.190625,0.22734375
rigl,303,primary_sparse_resource_matched,3,0.2240625,0.228125
rigl,303,primary_sparse_resource_matched,4,0.2324999999999999,0.2640625
rigl,303,primary_sparse_resource_matched,5,0.2565625,0.26796875
rigl,303,primary_sparse_resource_matched,6,0.256484375,0.309375
rigl,303,primary_sparse_resource_matched,7,0.27234375,0.3078125
rigl,303,primary_sparse_resource_matched,8,0.28484375,0.30078125
rigl,303,primary_sparse_resource_matched,9,0.288515625,0.3734375
rigl,303,primary_sparse_resource_matched,10,0.301796875,0.346875
rigl,303,primary_sparse_resource_matched,11,0.3146874999999999,0.396875
rigl,303,primary_sparse_resource_matched,12,0.3271874999999999,0.4859375
rigl,303,primary_sparse_resource_matched,13,0.311796875,0.44375
rigl,303,primary_sparse_resource_matched,14,0.355234375,0.49921875
rigl,303,primary_sparse_resource_matched,15,0.4097656249999999,0.53515625
rigl,303,primary_sparse_resource_matched,16,0.399140625,0.528125
rigl,303,primary_sparse_resource_matched,17,0.451875,0.52578125
rigl,303,primary_sparse_resource_matched,18,0.45125,0.553125
rigl,303,primary_sparse_resource_matched,19,0.512578125,0.634375
rigl,303,primary_sparse_resource_matched,20,0.496796875,0.671875
rigl,303,primary_sparse_resource_matched,21,0.484765625,0.63359375
rigl,303,primary_sparse_resource_matched,22,0.5199218750000001,0.65
rigl,303,primary_sparse_resource_matched,23,0.546328125,0.67109375
rigl,303,primary_sparse_resource_matched,24,0.5639062499999999,0.6765625
rigl,303,primary_sparse_resource_matched,25,0.551171875,0.65234375
rigl,303,primary_sparse_resource_matched,26,0.532109375,0.67265625
rigl,303,primary_sparse_resource_matched,27,0.574453125,0.67890625
rigl,303,primary_sparse_resource_matched,28,0.557890625,0.696875
rigl,303,primary_sparse_resource_matched,29,0.555546875,0.709375
rigl,303,primary_sparse_resource_matched,30,0.589140625,0.7078125
rigl,303,primary_sparse_resource_matched,31,0.575703125,0.71484375
rigl,303,primary_sparse_resource_matched,32,0.6046875,0.7546875
rigl,303,primary_sparse_resource_matched,33,0.588984375,0.7515625
rigl,303,primary_sparse_resource_matched,34,0.6096875,0.76875
rigl,303,primary_sparse_resource_matched,35,0.6260937499999999,0.76484375
rigl,303,primary_sparse_resource_matched,36,0.606953125,0.75078125
rigl,303,primary_sparse_resource_matched,37,0.656015625,0.740625
rigl,303,primary_sparse_resource_matched,38,0.63234375,0.76484375
rigl,303,primary_sparse_resource_matched,39,0.623515625,0.7671875
rigl,303,primary_sparse_resource_matched,40,0.597421875,0.77109375
rigl,303,primary_sparse_resource_matched,41,0.623984375,0.76328125
rigl,303,primary_sparse_resource_matched,42,0.6134375000000001,0.778125
rigl,303,primary_sparse_resource_matched,43,0.5979687499999999,0.7328125
rigl,303,primary_sparse_resource_matched,44,0.626328125,0.76328125
rigl,303,primary_sparse_resource_matched,45,0.6517968749999999,0.78203125
rigl,303,primary_sparse_resource_matched,46,0.640859375,0.76640625
rigl,303,primary_sparse_resource_matched,47,0.593515625,0.7671875
rigl,303,primary_sparse_resource_matched,48,0.61734375,0.77265625
rigl,303,primary_sparse_resource_matched,49,0.6141406250000001,0.76875
rigl,303,primary_sparse_resource_matched,50,0.5789062500000001,0.753125
rigl,303,primary_sparse_resource_matched,51,0.6075781250000001,0.753125
rigl,303,primary_sparse_resource_matched,52,0.5901562499999999,0.7421875
rigl,303,primary_sparse_resource_matched,53,0.612578125,0.7734375
rigl,303,primary_sparse_resource_matched,54,0.60078125,0.7578125
rigl,303,primary_sparse_resource_matched,55,0.61890625,0.7390625
rigl,303,primary_sparse_resource_matched,56,0.577890625,0.77109375
rigl,303,primary_sparse_resource_matched,57,0.6028906250000001,0.75625
rigl,303,primary_sparse_resource_matched,58,0.6060156250000002,0.76171875
rigl,303,primary_sparse_resource_matched,59,0.582578125,0.75390625
rigl,303,primary_sparse_resource_matched,60,0.61265625,0.72734375
rigl,303,primary_sparse_resource_matched,61,0.6007031249999999,0.77265625
rigl,303,primary_sparse_resource_matched,62,0.6242187499999999,0.77421875
rigl,303,primary_sparse_resource_matched,63,0.587109375,0.75078125
rigl,303,primary_sparse_resource_matched,64,0.56203125,0.7203125
rigl,303,primary_sparse_resource_matched,65,0.599765625,0.75703125
rigl,303,primary_sparse_resource_matched,66,0.57953125,0.72890625
rigl,303,primary_sparse_resource_matched,67,0.52671875,0.7
rigl,303,primary_sparse_resource_matched,68,0.566953125,0.70078125
rigl,303,primary_sparse_resource_matched,69,0.5896875,0.7515625
rigl,303,primary_sparse_resource_matched,70,0.5946875,0.7453125
rigl,303,primary_sparse_resource_matched,71,0.582578125,0.7125
rigl,303,primary_sparse_resource_matched,72,0.608125,0.746875
rigl,303,primary_sparse_resource_matched,73,0.5579687499999999,0.7171875
rigl,303,primary_sparse_resource_matched,74,0.581640625,0.74921875
rigl,303,primary_sparse_resource_matched,75,0.5925,0.74140625
rigl,303,primary_sparse_resource_matched,76,0.57421875,0.74453125
rigl,303,primary_sparse_resource_matched,77,0.580546875,0.74765625
rigl,303,primary_sparse_resource_matched,78,0.5646875,0.72421875
rigl,303,primary_sparse_resource_matched,79,0.603359375,0.75859375
rigl,303,primary_sparse_resource_matched,80,0.58859375,0.71640625
rigl,303,primary_sparse_resource_matched,81,0.602578125,0.75546875
rigl,303,primary_sparse_resource_matched,82,0.597109375,0.74921875
rigl,303,primary_sparse_resource_matched,83,0.58296875,0.75
rigl,303,primary_sparse_resource_matched,84,0.630390625,0.76328125
rigl,303,primary_sparse_resource_matched,85,0.6011718749999999,0.7296875
rigl,303,primary_sparse_resource_matched,86,0.581171875,0.74375
rigl,303,primary_sparse_resource_matched,87,0.621875,0.7484375
rigl,303,primary_sparse_resource_matched,88,0.604375,0.76171875
rigl,303,primary_sparse_resource_matched,89,0.6111718749999999,0.7453125
rigl,303,primary_sparse_resource_matched,90,0.5890625,0.7546875
rigl,303,primary_sparse_resource_matched,91,0.6224218749999999,0.75625
rigl,303,primary_sparse_resource_matched,92,0.6346875000000001,0.76875
rigl,303,primary_sparse_resource_matched,93,0.61265625,0.7703125
rigl,303,primary_sparse_resource_matched,94,0.627265625,0.7734375
rigl,303,primary_sparse_resource_matched,95,0.58421875,0.72890625
rigl,303,primary_sparse_resource_matched,96,0.614296875,0.77890625
rigl,303,primary_sparse_resource_matched,97,0.635859375,0.78203125
rigl,303,primary_sparse_resource_matched,98,0.619140625,0.765625
rigl,303,primary_sparse_resource_matched,99,0.634609375,0.778125
selective_reset,101,primary_sparse_resource_matched,0,0.10515625,0.08828125
selective_reset,101,primary_sparse_resource_matched,1,0.1123437499999999,0.1421875
selective_reset,101,primary_sparse_resource_matched,2,0.188125,0.20859375
selective_reset,101,primary_sparse_resource_matched,3,0.197578125,0.221875
selective_reset,101,primary_sparse_resource_matched,4,0.229296875,0.24609375
selective_reset,101,primary_sparse_resource_matched,5,0.24265625,0.23359375
selective_reset,101,primary_sparse_resource_matched,6,0.24875,0.27265625
selective_reset,101,primary_sparse_resource_matched,7,0.257421875,0.3015625
selective_reset,101,primary_sparse_resource_matched,8,0.26875,0.29609375
selective_reset,101,primary_sparse_resource_matched,9,0.2724999999999999,0.31796875
selective_reset,101,primary_sparse_resource_matched,10,0.285390625,0.34921875
selective_reset,101,primary_sparse_resource_matched,11,0.301640625,0.33515625
selective_reset,101,primary_sparse_resource_matched,12,0.31953125,0.40625
selective_reset,101,primary_sparse_resource_matched,13,0.3065625,0.3609375
selective_reset,101,primary_sparse_resource_matched,14,0.3378125,0.40859375
selective_reset,101,primary_sparse_resource_matched,15,0.374765625,0.4375
selective_reset,101,primary_sparse_resource_matched,16,0.3884374999999999,0.49453125
selective_reset,101,primary_sparse_resource_matched,17,0.4098437499999999,0.5453125
selective_reset,101,primary_sparse_resource_matched,18,0.45625,0.584375
selective_reset,101,primary_sparse_resource_matched,19,0.482109375,0.63671875
selective_reset,101,primary_sparse_resource_matched,20,0.49109375,0.63984375
selective_reset,101,primary_sparse_resource_matched,21,0.543671875,0.65859375
selective_reset,101,primary_sparse_resource_matched,22,0.534765625,0.6625
selective_reset,101,primary_sparse_resource_matched,23,0.556640625,0.7109375
selective_reset,101,primary_sparse_resource_matched,24,0.5615625,0.71875
selective_reset,101,primary_sparse_resource_matched,25,0.5758593750000001,0.70703125
selective_reset,101,primary_sparse_resource_matched,26,0.5835937499999999,0.73984375
selective_reset,101,primary_sparse_resource_matched,27,0.568515625,0.6953125
selective_reset,101,primary_sparse_resource_matched,28,0.5782812500000001,0.7265625
selective_reset,101,primary_sparse_resource_matched,29,0.5988281249999999,0.73828125
selective_reset,101,primary_sparse_resource_matched,30,0.6040625000000001,0.75703125
selective_reset,101,primary_sparse_resource_matched,31,0.59140625,0.746875
selective_reset,101,primary_sparse_resource_matched,32,0.61703125,0.7515625
selective_reset,101,primary_sparse_resource_matched,33,0.603671875,0.7515625
selective_reset,101,primary_sparse_resource_matched,34,0.6184375,0.76328125
selective_reset,101,primary_sparse_resource_matched,35,0.606796875,0.753125
selective_reset,101,primary_sparse_resource_matched,36,0.6378125,0.76484375
selective_reset,101,primary_sparse_resource_matched,37,0.6105468749999999,0.75546875
selective_reset,101,primary_sparse_resource_matched,38,0.625625,0.771875
selective_reset,101,primary_sparse_resource_matched,39,0.5831250000000001,0.73671875
selective_reset,101,primary_sparse_resource_matched,40,0.587265625,0.746875
selective_reset,101,primary_sparse_resource_matched,41,0.600859375,0.7609375
selective_reset,101,primary_sparse_resource_matched,42,0.6107031249999999,0.7640625
selective_reset,101,primary_sparse_resource_matched,43,0.614765625,0.77265625
selective_reset,101,primary_sparse_resource_matched,44,0.61546875,0.765625
selective_reset,101,primary_sparse_resource_matched,45,0.6228906249999999,0.76640625
selective_reset,101,primary_sparse_resource_matched,46,0.61796875,0.7671875
selective_reset,101,primary_sparse_resource_matched,47,0.624453125,0.76796875
selective_reset,101,primary_sparse_resource_matched,48,0.618125,0.7609375
selective_reset,101,primary_sparse_resource_matched,49,0.623671875,0.78125
selective_reset,101,primary_sparse_resource_matched,50,0.6207812500000001,0.775
selective_reset,101,primary_sparse_resource_matched,51,0.61625,0.7609375
selective_reset,101,primary_sparse_resource_matched,52,0.6226562499999999,0.77578125
selective_reset,101,primary_sparse_resource_matched,53,0.6129687500000001,0.7703125
selective_reset,101,primary_sparse_resource_matched,54,0.59609375,0.76875
selective_reset,101,primary_sparse_resource_matched,55,0.62734375,0.7765625
selective_reset,101,primary_sparse_resource_matched,56,0.595390625,0.75703125
selective_reset,101,primary_sparse_resource_matched,57,0.629375,0.78125
selective_reset,101,primary_sparse_resource_matched,58,0.6146875,0.7671875
selective_reset,101,primary_sparse_resource_matched,59,0.64484375,0.78046875
selective_reset,101,primary_sparse_resource_matched,60,0.6085156250000001,0.7703125
selective_reset,101,primary_sparse_resource_matched,61,0.629765625,0.7875
selective_reset,101,primary_sparse_resource_matched,62,0.626875,0.77734375
selective_reset,101,primary_sparse_resource_matched,63,0.6397656249999999,0.778125
selective_reset,101,primary_sparse_resource_matched,64,0.635390625,0.77421875
selective_reset,101,primary_sparse_resource_matched,65,0.590625,0.74765625
selective_reset,101,primary_sparse_resource_matched,66,0.630859375,0.77578125
selective_reset,101,primary_sparse_resource_matched,67,0.5985937499999999,0.7609375
selective_reset,101,primary_sparse_resource_matched,68,0.623046875,0.7703125
selective_reset,101,primary_sparse_resource_matched,69,0.6396875,0.78203125
selective_reset,101,primary_sparse_resource_matched,70,0.618046875,0.7734375
selective_reset,101,primary_sparse_resource_matched,71,0.63734375,0.76796875
selective_reset,101,primary_sparse_resource_matched,72,0.606015625,0.7484375
selective_reset,101,primary_sparse_resource_matched,73,0.623359375,0.76953125
selective_reset,101,primary_sparse_resource_matched,74,0.598828125,0.75546875
selective_reset,101,primary_sparse_resource_matched,75,0.624375,0.784375
selective_reset,101,primary_sparse_resource_matched,76,0.62578125,0.78203125
selective_reset,101,primary_sparse_resource_matched,77,0.62890625,0.7953125
selective_reset,101,primary_sparse_resource_matched,78,0.64921875,0.7828125
selective_reset,101,primary_sparse_resource_matched,79,0.6211718749999999,0.7640625
selective_reset,101,primary_sparse_resource_matched,80,0.662421875,0.78515625
selective_reset,101,primary_sparse_resource_matched,81,0.6422656250000001,0.796875
selective_reset,101,primary_sparse_resource_matched,82,0.6253906250000001,0.76875
selective_reset,101,primary_sparse_resource_matched,83,0.6340625,0.79609375
selective_reset,101,primary_sparse_resource_matched,84,0.6592968750000001,0.803125
selective_reset,101,primary_sparse_resource_matched,85,0.66171875,0.80546875
selective_reset,101,primary_sparse_resource_matched,86,0.6489843750000001,0.7953125
selective_reset,101,primary_sparse_resource_matched,87,0.62515625,0.778125
selective_reset,101,primary_sparse_resource_matched,88,0.6510937499999999,0.7953125
selective_reset,101,primary_sparse_resource_matched,89,0.646484375,0.771875
selective_reset,101,primary_sparse_resource_matched,90,0.652265625,0.80234375
selective_reset,101,primary_sparse_resource_matched,91,0.635,0.79375
selective_reset,101,primary_sparse_resource_matched,92,0.6528125000000001,0.8
selective_reset,101,primary_sparse_resource_matched,93,0.6203125,0.78046875
selective_reset,101,primary_sparse_resource_matched,94,0.6698437500000001,0.79375
selective_reset,101,primary_sparse_resource_matched,95,0.6559375,0.78984375
selective_reset,101,primary_sparse_resource_matched,96,0.6485156249999999,0.77890625
selective_reset,101,primary_sparse_resource_matched,97,0.6575781249999999,0.79765625
selective_reset,101,primary_sparse_resource_matched,98,0.6415625,0.78671875
selective_reset,101,primary_sparse_resource_matched,99,0.68015625,0.803125
selective_reset,202,primary_sparse_resource_matched,0,0.1084374999999999,0.08515625
selective_reset,202,primary_sparse_resource_matched,1,0.127890625,0.1734375
selective_reset,202,primary_sparse_resource_matched,2,0.209375,0.24921875
selective_reset,202,primary_sparse_resource_matched,3,0.224296875,0.26484375
selective_reset,202,primary_sparse_resource_matched,4,0.2298437499999999,0.2671875
selective_reset,202,primary_sparse_resource_matched,5,0.2339062499999999,0.2265625
selective_reset,202,primary_sparse_resource_matched,6,0.247265625,0.25
selective_reset,202,primary_sparse_resource_matched,7,0.24046875,0.26171875
selective_reset,202,primary_sparse_resource_matched,8,0.2643749999999999,0.31484375
selective_reset,202,primary_sparse_resource_matched,9,0.26109375,0.31328125
selective_reset,202,primary_sparse_resource_matched,10,0.292265625,0.32734375
selective_reset,202,primary_sparse_resource_matched,11,0.30984375,0.3625
selective_reset,202,primary_sparse_resource_matched,12,0.30296875,0.43125
selective_reset,202,primary_sparse_resource_matched,13,0.3199218749999999,0.4203125
selective_reset,202,primary_sparse_resource_matched,14,0.358671875,0.4328125
selective_reset,202,primary_sparse_resource_matched,15,0.377578125,0.4234375
selective_reset,202,primary_sparse_resource_matched,16,0.4059375,0.475
selective_reset,202,primary_sparse_resource_matched,17,0.390078125,0.484375
selective_reset,202,primary_sparse_resource_matched,18,0.409296875,0.575
selective_reset,202,primary_sparse_resource_matched,19,0.44078125,0.62421875
selective_reset,202,primary_sparse_resource_matched,20,0.49640625,0.603125
selective_reset,202,primary_sparse_resource_matched,21,0.513671875,0.6265625
selective_reset,202,primary_sparse_resource_matched,22,0.504140625,0.66328125
selective_reset,202,primary_sparse_resource_matched,23,0.575703125,0.66171875
selective_reset,202,primary_sparse_resource_matched,24,0.550234375,0.6828125
selective_reset,202,primary_sparse_resource_matched,25,0.54515625,0.6515625
selective_reset,202,primary_sparse_resource_matched,26,0.552734375,0.69609375
selective_reset,202,primary_sparse_resource_matched,27,0.5800000000000001,0.709375
selective_reset,202,primary_sparse_resource_matched,28,0.5692968749999999,0.7125
selective_reset,202,primary_sparse_resource_matched,29,0.589375,0.7109375
selective_reset,202,primary_sparse_resource_matched,30,0.580703125,0.7125
selective_reset,202,primary_sparse_resource_matched,31,0.60109375,0.696875
selective_reset,202,primary_sparse_resource_matched,32,0.60046875,0.76171875
selective_reset,202,primary_sparse_resource_matched,33,0.57171875,0.728125
selective_reset,202,primary_sparse_resource_matched,34,0.5764843749999999,0.753125
selective_reset,202,primary_sparse_resource_matched,35,0.5815625,0.7390625
selective_reset,202,primary_sparse_resource_matched,36,0.60421875,0.75546875
selective_reset,202,primary_sparse_resource_matched,37,0.597421875,0.76484375
selective_reset,202,primary_sparse_resource_matched,38,0.608046875,0.7421875
selective_reset,202,primary_sparse_resource_matched,39,0.5894531249999999,0.73359375
selective_reset,202,primary_sparse_resource_matched,40,0.5914062499999999,0.75
selective_reset,202,primary_sparse_resource_matched,41,0.6089843749999999,0.75
selective_reset,202,primary_sparse_resource_matched,42,0.624375,0.7671875
selective_reset,202,primary_sparse_resource_matched,43,0.63453125,0.76953125
selective_reset,202,primary_sparse_resource_matched,44,0.61625,0.784375
selective_reset,202,primary_sparse_resource_matched,45,0.6335937500000001,0.7765625
selective_reset,202,primary_sparse_resource_matched,46,0.613828125,0.76328125
selective_reset,202,primary_sparse_resource_matched,47,0.60140625,0.74765625
selective_reset,202,primary_sparse_resource_matched,48,0.6228125,0.76328125
selective_reset,202,primary_sparse_resource_matched,49,0.6153124999999999,0.7578125
selective_reset,202,primary_sparse_resource_matched,50,0.603046875,0.7578125
selective_reset,202,primary_sparse_resource_matched,51,0.6171875,0.74921875
selective_reset,202,primary_sparse_resource_matched,52,0.6133593749999999,0.7609375
selective_reset,202,primary_sparse_resource_matched,53,0.5812499999999999,0.765625
selective_reset,202,primary_sparse_resource_matched,54,0.6095312500000001,0.74921875
selective_reset,202,primary_sparse_resource_matched,55,0.611484375,0.7625
selective_reset,202,primary_sparse_resource_matched,56,0.61296875,0.76875
selective_reset,202,primary_sparse_resource_matched,57,0.648046875,0.784375
selective_reset,202,primary_sparse_resource_matched,58,0.6030468750000001,0.75
selective_reset,202,primary_sparse_resource_matched,59,0.63875,0.78515625
selective_reset,202,primary_sparse_resource_matched,60,0.59640625,0.76171875
selective_reset,202,primary_sparse_resource_matched,61,0.65359375,0.8
selective_reset,202,primary_sparse_resource_matched,62,0.63625,0.77109375
selective_reset,202,primary_sparse_resource_matched,63,0.6415625,0.7828125
selective_reset,202,primary_sparse_resource_matched,64,0.652265625,0.7953125
selective_reset,202,primary_sparse_resource_matched,65,0.6495312499999999,0.78203125
selective_reset,202,primary_sparse_resource_matched,66,0.621640625,0.765625
selective_reset,202,primary_sparse_resource_matched,67,0.64296875,0.7796875
selective_reset,202,primary_sparse_resource_matched,68,0.6357031249999999,0.78125
selective_reset,202,primary_sparse_resource_matched,69,0.622421875,0.78359375
selective_reset,202,primary_sparse_resource_matched,70,0.622890625,0.775
selective_reset,202,primary_sparse_resource_matched,71,0.630703125,0.79140625
selective_reset,202,primary_sparse_resource_matched,72,0.645859375,0.79453125
selective_reset,202,primary_sparse_resource_matched,73,0.630390625,0.778125
selective_reset,202,primary_sparse_resource_matched,74,0.6371875,0.784375
selective_reset,202,primary_sparse_resource_matched,75,0.641328125,0.79921875
selective_reset,202,primary_sparse_resource_matched,76,0.633125,0.77890625
selective_reset,202,primary_sparse_resource_matched,77,0.644296875,0.76953125
selective_reset,202,primary_sparse_resource_matched,78,0.6749218749999999,0.79140625
selective_reset,202,primary_sparse_resource_matched,79,0.64625,0.78984375
selective_reset,202,primary_sparse_resource_matched,80,0.652734375,0.7984375
selective_reset,202,primary_sparse_resource_matched,81,0.6659375,0.79609375
selective_reset,202,primary_sparse_resource_matched,82,0.6665625000000001,0.80703125
selective_reset,202,primary_sparse_resource_matched,83,0.6765625,0.7890625
selective_reset,202,primary_sparse_resource_matched,84,0.6584375,0.79296875
selective_reset,202,primary_sparse_resource_matched,85,0.66578125,0.7875
selective_reset,202,primary_sparse_resource_matched,86,0.6671875,0.790625
selective_reset,202,primary_sparse_resource_matched,87,0.647734375,0.7703125
selective_reset,202,primary_sparse_resource_matched,88,0.632109375,0.79765625
selective_reset,202,primary_sparse_resource_matched,89,0.652890625,0.7984375
selective_reset,202,primary_sparse_resource_matched,90,0.6241406250000001,0.78515625
selective_reset,202,primary_sparse_resource_matched,91,0.663671875,0.796875
selective_reset,202,primary_sparse_resource_matched,92,0.65359375,0.81328125
selective_reset,202,primary_sparse_resource_matched,93,0.65,0.77734375
selective_reset,202,primary_sparse_resource_matched,94,0.674609375,0.803125
selective_reset,202,primary_sparse_resource_matched,95,0.647265625,0.81015625
selective_reset,202,primary_sparse_resource_matched,96,0.649296875,0.7953125
selective_reset,202,primary_sparse_resource_matched,97,0.661953125,0.7875
selective_reset,202,primary_sparse_resource_matched,98,0.647734375,0.79921875
selective_reset,202,primary_sparse_resource_matched,99,0.6684375,0.80390625
selective_reset,303,primary_sparse_resource_matched,0,0.117109375,0.1453125
selective_reset,303,primary_sparse_resource_matched,1,0.158984375,0.19375
selective_reset,303,primary_sparse_resource_matched,2,0.190859375,0.21171875
selective_reset,303,primary_sparse_resource_matched,3,0.216015625,0.21015625
selective_reset,303,primary_sparse_resource_matched,4,0.2227343749999999,0.25546875
selective_reset,303,primary_sparse_resource_matched,5,0.2384375,0.25546875
selective_reset,303,primary_sparse_resource_matched,6,0.2292968749999999,0.25546875
selective_reset,303,primary_sparse_resource_matched,7,0.25546875,0.32421875
selective_reset,303,primary_sparse_resource_matched,8,0.274765625,0.33203125
selective_reset,303,primary_sparse_resource_matched,9,0.27125,0.33984375
selective_reset,303,primary_sparse_resource_matched,10,0.30359375,0.378125
selective_reset,303,primary_sparse_resource_matched,11,0.2936718749999999,0.346875
selective_reset,303,primary_sparse_resource_matched,12,0.290546875,0.35625
selective_reset,303,primary_sparse_resource_matched,13,0.314453125,0.41015625
selective_reset,303,primary_sparse_resource_matched,14,0.32390625,0.41171875
selective_reset,303,primary_sparse_resource_matched,15,0.342109375,0.49296875
selective_reset,303,primary_sparse_resource_matched,16,0.3225781249999999,0.49140625
selective_reset,303,primary_sparse_resource_matched,17,0.38296875,0.45546875
selective_reset,303,primary_sparse_resource_matched,18,0.39703125,0.46484375
selective_reset,303,primary_sparse_resource_matched,19,0.4019531249999999,0.61171875
selective_reset,303,primary_sparse_resource_matched,20,0.424765625,0.56328125
selective_reset,303,primary_sparse_resource_matched,21,0.468046875,0.59296875
selective_reset,303,primary_sparse_resource_matched,22,0.4909375,0.65
selective_reset,303,primary_sparse_resource_matched,23,0.5359375,0.684375
selective_reset,303,primary_sparse_resource_matched,24,0.53828125,0.696875
selective_reset,303,primary_sparse_resource_matched,25,0.5272656250000001,0.6515625
selective_reset,303,primary_sparse_resource_matched,26,0.536484375,0.6796875
selective_reset,303,primary_sparse_resource_matched,27,0.5803125,0.728125
selective_reset,303,primary_sparse_resource_matched,28,0.5582812500000001,0.71484375
selective_reset,303,primary_sparse_resource_matched,29,0.5797656250000001,0.71640625
selective_reset,303,primary_sparse_resource_matched,30,0.565859375,0.6859375
selective_reset,303,primary_sparse_resource_matched,31,0.5672656249999999,0.72265625
selective_reset,303,primary_sparse_resource_matched,32,0.578828125,0.71796875
selective_reset,303,primary_sparse_resource_matched,33,0.5801562499999999,0.74296875
selective_reset,303,primary_sparse_resource_matched,34,0.5746875,0.73984375
selective_reset,303,primary_sparse_resource_matched,35,0.606640625,0.73359375
selective_reset,303,primary_sparse_resource_matched,36,0.582265625,0.71953125
selective_reset,303,primary_sparse_resource_matched,37,0.628046875,0.74140625
selective_reset,303,primary_sparse_resource_matched,38,0.60625,0.74609375
selective_reset,303,primary_sparse_resource_matched,39,0.604375,0.7609375
selective_reset,303,primary_sparse_resource_matched,40,0.60265625,0.75390625
selective_reset,303,primary_sparse_resource_matched,41,0.610078125,0.74140625
selective_reset,303,primary_sparse_resource_matched,42,0.600078125,0.746875
selective_reset,303,primary_sparse_resource_matched,43,0.5878125,0.759375
selective_reset,303,primary_sparse_resource_matched,44,0.629375,0.759375
selective_reset,303,primary_sparse_resource_matched,45,0.643828125,0.77734375
selective_reset,303,primary_sparse_resource_matched,46,0.6243749999999999,0.75546875
selective_reset,303,primary_sparse_resource_matched,47,0.59671875,0.75859375
selective_reset,303,primary_sparse_resource_matched,48,0.608984375,0.75859375
selective_reset,303,primary_sparse_resource_matched,49,0.6290625,0.7765625
selective_reset,303,primary_sparse_resource_matched,50,0.635,0.7859375
selective_reset,303,primary_sparse_resource_matched,51,0.626015625,0.75078125
selective_reset,303,primary_sparse_resource_matched,52,0.6050781249999999,0.7640625
selective_reset,303,primary_sparse_resource_matched,53,0.62265625,0.76953125
selective_reset,303,primary_sparse_resource_matched,54,0.620703125,0.76328125
selective_reset,303,primary_sparse_resource_matched,55,0.628828125,0.76015625
selective_reset,303,primary_sparse_resource_matched,56,0.60421875,0.77265625
selective_reset,303,primary_sparse_resource_matched,57,0.629375,0.78125
selective_reset,303,primary_sparse_resource_matched,58,0.623515625,0.76484375
selective_reset,303,primary_sparse_resource_matched,59,0.62453125,0.76875
selective_reset,303,primary_sparse_resource_matched,60,0.637265625,0.7546875
selective_reset,303,primary_sparse_resource_matched,61,0.636796875,0.77890625
selective_reset,303,primary_sparse_resource_matched,62,0.638828125,0.77734375
selective_reset,303,primary_sparse_resource_matched,63,0.6225781250000001,0.76796875
selective_reset,303,primary_sparse_resource_matched,64,0.6184375,0.7734375
selective_reset,303,primary_sparse_resource_matched,65,0.6275781249999999,0.77421875
selective_reset,303,primary_sparse_resource_matched,66,0.6388281250000001,0.784375
selective_reset,303,primary_sparse_resource_matched,67,0.64265625,0.78125
selective_reset,303,primary_sparse_resource_matched,68,0.638828125,0.77890625
selective_reset,303,primary_sparse_resource_matched,69,0.6444531250000001,0.778125
selective_reset,303,primary_sparse_resource_matched,70,0.62375,0.74921875
selective_reset,303,primary_sparse_resource_matched,71,0.6289843749999999,0.765625
selective_reset,303,primary_sparse_resource_matched,72,0.6355468750000001,0.775
selective_reset,303,primary_sparse_resource_matched,73,0.624375,0.775
selective_reset,303,primary_sparse_resource_matched,74,0.626484375,0.7671875
selective_reset,303,primary_sparse_resource_matched,75,0.6285156249999999,0.78203125
selective_reset,303,primary_sparse_resource_matched,76,0.63265625,0.784375
selective_reset,303,primary_sparse_resource_matched,77,0.6407812500000001,0.79453125
selective_reset,303,primary_sparse_resource_matched,78,0.6453125,0.7765625
selective_reset,303,primary_sparse_resource_matched,79,0.639453125,0.790625
selective_reset,303,primary_sparse_resource_matched,80,0.64921875,0.78515625
selective_reset,303,primary_sparse_resource_matched,81,0.641953125,0.79609375
selective_reset,303,primary_sparse_resource_matched,82,0.686796875,0.79453125
selective_reset,303,primary_sparse_resource_matched,83,0.6348437499999999,0.7875
selective_reset,303,primary_sparse_resource_matched,84,0.63640625,0.79296875
selective_reset,303,primary_sparse_resource_matched,85,0.64796875,0.78359375
selective_reset,303,primary_sparse_resource_matched,86,0.648671875,0.78984375
selective_reset,303,primary_sparse_resource_matched,87,0.665546875,0.79453125
selective_reset,303,primary_sparse_resource_matched,88,0.65578125,0.7890625
selective_reset,303,primary_sparse_resource_matched,89,0.6453125000000001,0.7703125
selective_reset,303,primary_sparse_resource_matched,90,0.64390625,0.78984375
selective_reset,303,primary_sparse_resource_matched,91,0.6426562499999999,0.765625
selective_reset,303,primary_sparse_resource_matched,92,0.650859375,0.8015625
selective_reset,303,primary_sparse_resource_matched,93,0.64453125,0.7921875
selective_reset,303,primary_sparse_resource_matched,94,0.664453125,0.79140625
selective_reset,303,primary_sparse_resource_matched,95,0.648203125,0.7890625
selective_reset,303,primary_sparse_resource_matched,96,0.633984375,0.78984375
selective_reset,303,primary_sparse_resource_matched,97,0.648984375,0.78828125
selective_reset,303,primary_sparse_resource_matched,98,0.6309375,0.78359375
selective_reset,303,primary_sparse_resource_matched,99,0.6540625000000001,0.7984375
static_dense,101,contextual_dense_reference,0,0.50515625,0.615625
static_dense,101,contextual_dense_reference,1,0.57046875,0.74140625
static_dense,101,contextual_dense_reference,2,0.653828125,0.80078125
static_dense,101,contextual_dense_reference,3,0.672109375,0.8125
static_dense,101,contextual_dense_reference,4,0.675390625,0.8015625
static_dense,101,contextual_dense_reference,5,0.704765625,0.82109375
static_dense,101,contextual_dense_reference,6,0.71578125,0.834375
static_dense,101,contextual_dense_reference,7,0.6848437499999999,0.8296875
static_dense,101,contextual_dense_reference,8,0.7218749999999999,0.83046875
static_dense,101,contextual_dense_reference,9,0.71453125,0.82734375
static_dense,101,contextual_dense_reference,10,0.7158593750000001,0.83671875
static_dense,101,contextual_dense_reference,11,0.7278906249999999,0.825
static_dense,101,contextual_dense_reference,12,0.711171875,0.840625
static_dense,101,contextual_dense_reference,13,0.7082031249999999,0.8453125
static_dense,101,contextual_dense_reference,14,0.71046875,0.85625
static_dense,101,contextual_dense_reference,15,0.723984375,0.8453125
static_dense,101,contextual_dense_reference,16,0.7199218749999999,0.8390625
static_dense,101,contextual_dense_reference,17,0.698515625,0.84296875
static_dense,101,contextual_dense_reference,18,0.723125,0.8390625
static_dense,101,contextual_dense_reference,19,0.7335156249999999,0.86484375
static_dense,101,contextual_dense_reference,20,0.688046875,0.85859375
static_dense,101,contextual_dense_reference,21,0.712109375,0.83515625
static_dense,101,contextual_dense_reference,22,0.724375,0.84765625
static_dense,101,contextual_dense_reference,23,0.71078125,0.84453125
static_dense,101,contextual_dense_reference,24,0.746484375,0.86171875
static_dense,101,contextual_dense_reference,25,0.736171875,0.8578125
static_dense,101,contextual_dense_reference,26,0.7392968750000001,0.85859375
static_dense,101,contextual_dense_reference,27,0.7329687500000001,0.80703125
static_dense,101,contextual_dense_reference,28,0.7025781249999999,0.85546875
static_dense,101,contextual_dense_reference,29,0.74265625,0.853125
static_dense,101,contextual_dense_reference,30,0.73953125,0.85625
static_dense,101,contextual_dense_reference,31,0.7246093750000001,0.84296875
static_dense,101,contextual_dense_reference,32,0.745625,0.85625
static_dense,101,contextual_dense_reference,33,0.7039062500000001,0.83984375
static_dense,101,contextual_dense_reference,34,0.713203125,0.84375
static_dense,101,contextual_dense_reference,35,0.7239843749999999,0.871875
static_dense,101,contextual_dense_reference,36,0.73140625,0.8625
static_dense,101,contextual_dense_reference,37,0.723828125,0.86015625
static_dense,101,contextual_dense_reference,38,0.740625,0.878125
static_dense,101,contextual_dense_reference,39,0.721171875,0.8484375
static_dense,101,contextual_dense_reference,40,0.718515625,0.8296875
static_dense,101,contextual_dense_reference,41,0.733125,0.85234375
static_dense,101,contextual_dense_reference,42,0.730390625,0.85
static_dense,101,contextual_dense_reference,43,0.745859375,0.85859375
static_dense,101,contextual_dense_reference,44,0.7309375,0.86875
static_dense,101,contextual_dense_reference,45,0.7307812499999999,0.85625
static_dense,101,contextual_dense_reference,46,0.74125,0.834375
static_dense,101,contextual_dense_reference,47,0.748046875,0.8703125
static_dense,101,contextual_dense_reference,48,0.7191406250000001,0.86015625
static_dense,101,contextual_dense_reference,49,0.723203125,0.865625
static_dense,101,contextual_dense_reference,50,0.73140625,0.86171875
static_dense,101,contextual_dense_reference,51,0.744921875,0.8703125
static_dense,101,contextual_dense_reference,52,0.7453906250000001,0.86015625
static_dense,101,contextual_dense_reference,53,0.7164843750000001,0.85703125
static_dense,101,contextual_dense_reference,54,0.7283593749999999,0.86015625
static_dense,101,contextual_dense_reference,55,0.708359375,0.865625
static_dense,101,contextual_dense_reference,56,0.7388281250000001,0.8640625
static_dense,101,contextual_dense_reference,57,0.7171093749999999,0.86796875
static_dense,101,contextual_dense_reference,58,0.747109375,0.85859375
static_dense,101,contextual_dense_reference,59,0.7477343750000001,0.86875
static_dense,101,contextual_dense_reference,60,0.72953125,0.8515625
static_dense,101,contextual_dense_reference,61,0.75234375,0.871875
static_dense,101,contextual_dense_reference,62,0.7164062499999999,0.86015625
static_dense,101,contextual_dense_reference,63,0.7535156249999999,0.8890625
static_dense,101,contextual_dense_reference,64,0.7371874999999999,0.87890625
static_dense,101,contextual_dense_reference,65,0.72625,0.8515625
static_dense,101,contextual_dense_reference,66,0.73484375,0.86953125
static_dense,101,contextual_dense_reference,67,0.735234375,0.86328125
static_dense,101,contextual_dense_reference,68,0.7428125,0.87109375
static_dense,101,contextual_dense_reference,69,0.726328125,0.85546875
static_dense,101,contextual_dense_reference,70,0.7337500000000001,0.865625
static_dense,101,contextual_dense_reference,71,0.746484375,0.86640625
static_dense,101,contextual_dense_reference,72,0.74421875,0.8703125
static_dense,101,contextual_dense_reference,73,0.7228125000000001,0.86015625
static_dense,101,contextual_dense_reference,74,0.698984375,0.85703125
static_dense,101,contextual_dense_reference,75,0.730546875,0.86328125
static_dense,101,contextual_dense_reference,76,0.7223437499999998,0.86328125
static_dense,101,contextual_dense_reference,77,0.71640625,0.8765625
static_dense,101,contextual_dense_reference,78,0.68625,0.8515625
static_dense,101,contextual_dense_reference,79,0.7083593749999999,0.86171875
static_dense,101,contextual_dense_reference,80,0.74625,0.83671875
static_dense,101,contextual_dense_reference,81,0.728984375,0.87421875
static_dense,101,contextual_dense_reference,82,0.717421875,0.8703125
static_dense,101,contextual_dense_reference,83,0.703515625,0.88125
static_dense,101,contextual_dense_reference,84,0.733984375,0.8640625
static_dense,101,contextual_dense_reference,85,0.7438281250000001,0.86015625
static_dense,101,contextual_dense_reference,86,0.709609375,0.8765625
static_dense,101,contextual_dense_reference,87,0.7316406249999999,0.865625
static_dense,101,contextual_dense_reference,88,0.7364062499999999,0.859375
static_dense,101,contextual_dense_reference,89,0.745390625,0.85546875
static_dense,101,contextual_dense_reference,90,0.71203125,0.8703125
static_dense,101,contextual_dense_reference,91,0.7456249999999999,0.8546875
static_dense,101,contextual_dense_reference,92,0.758984375,0.87734375
static_dense,101,contextual_dense_reference,93,0.7078125,0.85
static_dense,101,contextual_dense_reference,94,0.745,0.8796875
static_dense,101,contextual_dense_reference,95,0.726953125,0.85625
static_dense,101,contextual_dense_reference,96,0.7279687499999999,0.8765625
static_dense,101,contextual_dense_reference,97,0.7230468749999999,0.83515625
static_dense,101,contextual_dense_reference,98,0.7012499999999999,0.87265625
static_dense,101,contextual_dense_reference,99,0.72640625,0.85859375
static_dense,202,contextual_dense_reference,0,0.537578125,0.70234375
static_dense,202,contextual_dense_reference,1,0.598046875,0.7578125
static_dense,202,contextual_dense_reference,2,0.643125,0.78828125
static_dense,202,contextual_dense_reference,3,0.6696874999999999,0.8234375
static_dense,202,contextual_dense_reference,4,0.67453125,0.80625
static_dense,202,contextual_dense_reference,5,0.6734375,0.81953125
static_dense,202,contextual_dense_reference,6,0.711796875,0.82109375
static_dense,202,contextual_dense_reference,7,0.71140625,0.8484375
static_dense,202,contextual_dense_reference,8,0.690625,0.8390625
static_dense,202,contextual_dense_reference,9,0.69328125,0.84765625
static_dense,202,contextual_dense_reference,10,0.7216406249999999,0.846875
static_dense,202,contextual_dense_reference,11,0.6904687500000001,0.828125
static_dense,202,contextual_dense_reference,12,0.68359375,0.82890625
static_dense,202,contextual_dense_reference,13,0.727890625,0.8453125
static_dense,202,contextual_dense_reference,14,0.70859375,0.8453125
static_dense,202,contextual_dense_reference,15,0.711171875,0.82734375
static_dense,202,contextual_dense_reference,16,0.7253906250000001,0.853125
static_dense,202,contextual_dense_reference,17,0.7284375000000001,0.8484375
static_dense,202,contextual_dense_reference,18,0.719609375,0.8421875
static_dense,202,contextual_dense_reference,19,0.71671875,0.85
static_dense,202,contextual_dense_reference,20,0.7353125,0.81953125
static_dense,202,contextual_dense_reference,21,0.7173437500000001,0.840625
static_dense,202,contextual_dense_reference,22,0.705546875,0.8359375
static_dense,202,contextual_dense_reference,23,0.7200781249999999,0.8359375
static_dense,202,contextual_dense_reference,24,0.7207812499999999,0.846875
static_dense,202,contextual_dense_reference,25,0.736796875,0.84765625
static_dense,202,contextual_dense_reference,26,0.7301562500000001,0.8484375
static_dense,202,contextual_dense_reference,27,0.73265625,0.86796875
static_dense,202,contextual_dense_reference,28,0.730546875,0.85546875
static_dense,202,contextual_dense_reference,29,0.714296875,0.84453125
static_dense,202,contextual_dense_reference,30,0.70546875,0.846875
static_dense,202,contextual_dense_reference,31,0.729921875,0.83828125
static_dense,202,contextual_dense_reference,32,0.7214843750000001,0.8578125
static_dense,202,contextual_dense_reference,33,0.7009375,0.85859375
static_dense,202,contextual_dense_reference,34,0.7166406249999999,0.8578125
static_dense,202,contextual_dense_reference,35,0.721015625,0.8546875
static_dense,202,contextual_dense_reference,36,0.714921875,0.86015625
static_dense,202,contextual_dense_reference,37,0.70484375,0.8484375
static_dense,202,contextual_dense_reference,38,0.729453125,0.84765625
static_dense,202,contextual_dense_reference,39,0.707421875,0.8578125
static_dense,202,contextual_dense_reference,40,0.723671875,0.8453125
static_dense,202,contextual_dense_reference,41,0.727109375,0.86796875
static_dense,202,contextual_dense_reference,42,0.7202343750000001,0.86015625
static_dense,202,contextual_dense_reference,43,0.7316406249999999,0.8546875
static_dense,202,contextual_dense_reference,44,0.7228125,0.8625
static_dense,202,contextual_dense_reference,45,0.7310937499999999,0.86171875
static_dense,202,contextual_dense_reference,46,0.72078125,0.83671875
static_dense,202,contextual_dense_reference,47,0.73703125,0.8484375
static_dense,202,contextual_dense_reference,48,0.74140625,0.83671875
static_dense,202,contextual_dense_reference,49,0.72484375,0.8625
static_dense,202,contextual_dense_reference,50,0.720234375,0.86171875
static_dense,202,contextual_dense_reference,51,0.75140625,0.8515625
static_dense,202,contextual_dense_reference,52,0.719296875,0.82421875
static_dense,202,contextual_dense_reference,53,0.706171875,0.859375
static_dense,202,contextual_dense_reference,54,0.73609375,0.85390625
static_dense,202,contextual_dense_reference,55,0.7157812499999999,0.834375
static_dense,202,contextual_dense_reference,56,0.71515625,0.8484375
static_dense,202,contextual_dense_reference,57,0.7396093749999999,0.86328125
static_dense,202,contextual_dense_reference,58,0.691171875,0.7921875
static_dense,202,contextual_dense_reference,59,0.734375,0.86328125
static_dense,202,contextual_dense_reference,60,0.734609375,0.8578125
static_dense,202,contextual_dense_reference,61,0.7059374999999999,0.86875
static_dense,202,contextual_dense_reference,62,0.734375,0.84296875
static_dense,202,contextual_dense_reference,63,0.730859375,0.871875
static_dense,202,contextual_dense_reference,64,0.7108593750000001,0.86640625
static_dense,202,contextual_dense_reference,65,0.7145312500000001,0.8515625
static_dense,202,contextual_dense_reference,66,0.720234375,0.8640625
static_dense,202,contextual_dense_reference,67,0.755703125,0.87734375
static_dense,202,contextual_dense_reference,68,0.718046875,0.85078125
static_dense,202,contextual_dense_reference,69,0.742734375,0.86484375
static_dense,202,contextual_dense_reference,70,0.7360156250000001,0.85546875
static_dense,202,contextual_dense_reference,71,0.739765625,0.86796875
static_dense,202,contextual_dense_reference,72,0.70953125,0.8453125
static_dense,202,contextual_dense_reference,73,0.7317968749999999,0.86328125
static_dense,202,contextual_dense_reference,74,0.7261718749999999,0.86171875
static_dense,202,contextual_dense_reference,75,0.700390625,0.859375
static_dense,202,contextual_dense_reference,76,0.72609375,0.8296875
static_dense,202,contextual_dense_reference,77,0.74,0.8734375
static_dense,202,contextual_dense_reference,78,0.752890625,0.840625
static_dense,202,contextual_dense_reference,79,0.738203125,0.871875
static_dense,202,contextual_dense_reference,80,0.749375,0.85625
static_dense,202,contextual_dense_reference,81,0.735,0.86796875
static_dense,202,contextual_dense_reference,82,0.7297656250000001,0.8765625
static_dense,202,contextual_dense_reference,83,0.76765625,0.875
static_dense,202,contextual_dense_reference,84,0.74390625,0.86484375
static_dense,202,contextual_dense_reference,85,0.7230468750000001,0.85859375
static_dense,202,contextual_dense_reference,86,0.7247656250000001,0.84765625
static_dense,202,contextual_dense_reference,87,0.7176562500000001,0.86171875
static_dense,202,contextual_dense_reference,88,0.72515625,0.865625
static_dense,202,contextual_dense_reference,89,0.733984375,0.86171875
static_dense,202,contextual_dense_reference,90,0.730625,0.86875
static_dense,202,contextual_dense_reference,91,0.743203125,0.87890625
static_dense,202,contextual_dense_reference,92,0.7264843750000001,0.86796875
static_dense,202,contextual_dense_reference,93,0.699296875,0.85546875
static_dense,202,contextual_dense_reference,94,0.749375,0.87421875
static_dense,202,contextual_dense_reference,95,0.718359375,0.86796875
static_dense,202,contextual_dense_reference,96,0.727421875,0.853125
static_dense,202,contextual_dense_reference,97,0.748828125,0.86171875
static_dense,202,contextual_dense_reference,98,0.740703125,0.86484375
static_dense,202,contextual_dense_reference,99,0.733359375,0.8703125
static_dense,303,contextual_dense_reference,0,0.5250781250000001,0.70859375
static_dense,303,contextual_dense_reference,1,0.6171875,0.75859375
static_dense,303,contextual_dense_reference,2,0.6511718750000001,0.7765625
static_dense,303,contextual_dense_reference,3,0.674921875,0.80625
static_dense,303,contextual_dense_reference,4,0.6953906250000002,0.8078125
static_dense,303,contextual_dense_reference,5,0.694453125,0.80625
static_dense,303,contextual_dense_reference,6,0.6849999999999999,0.821875
static_dense,303,contextual_dense_reference,7,0.6844531249999999,0.80546875
static_dense,303,contextual_dense_reference,8,0.69984375,0.83515625
static_dense,303,contextual_dense_reference,9,0.72640625,0.83984375
static_dense,303,contextual_dense_reference,10,0.71421875,0.8234375
static_dense,303,contextual_dense_reference,11,0.7091406250000001,0.82734375
static_dense,303,contextual_dense_reference,12,0.7118749999999999,0.853125
static_dense,303,contextual_dense_reference,13,0.70515625,0.84453125
static_dense,303,contextual_dense_reference,14,0.71265625,0.8453125
static_dense,303,contextual_dense_reference,15,0.718203125,0.8328125
static_dense,303,contextual_dense_reference,16,0.7341406249999999,0.8515625
static_dense,303,contextual_dense_reference,17,0.7278125000000001,0.8546875
static_dense,303,contextual_dense_reference,18,0.706015625,0.784375
static_dense,303,contextual_dense_reference,19,0.727578125,0.85546875
static_dense,303,contextual_dense_reference,20,0.7062499999999999,0.8453125
static_dense,303,contextual_dense_reference,21,0.71453125,0.8359375
static_dense,303,contextual_dense_reference,22,0.726015625,0.8453125
static_dense,303,contextual_dense_reference,23,0.713125,0.8546875
static_dense,303,contextual_dense_reference,24,0.72484375,0.84453125
static_dense,303,contextual_dense_reference,25,0.707109375,0.8265625
static_dense,303,contextual_dense_reference,26,0.7164843750000001,0.85859375
static_dense,303,contextual_dense_reference,27,0.733125,0.8546875
static_dense,303,contextual_dense_reference,28,0.7238281249999999,0.8609375
static_dense,303,contextual_dense_reference,29,0.727421875,0.8421875
static_dense,303,contextual_dense_reference,30,0.7232812500000001,0.84609375
static_dense,303,contextual_dense_reference,31,0.7183593750000001,0.8453125
static_dense,303,contextual_dense_reference,32,0.7265625,0.85078125
static_dense,303,contextual_dense_reference,33,0.7054687499999999,0.846875
static_dense,303,contextual_dense_reference,34,0.724765625,0.85546875
static_dense,303,contextual_dense_reference,35,0.7409375,0.8515625
static_dense,303,contextual_dense_reference,36,0.724296875,0.859375
static_dense,303,contextual_dense_reference,37,0.741953125,0.85
static_dense,303,contextual_dense_reference,38,0.683359375,0.84453125
static_dense,303,contextual_dense_reference,39,0.71734375,0.86171875
static_dense,303,contextual_dense_reference,40,0.73109375,0.86484375
static_dense,303,contextual_dense_reference,41,0.7434375,0.84609375
static_dense,303,contextual_dense_reference,42,0.710625,0.85703125
static_dense,303,contextual_dense_reference,43,0.73296875,0.86640625
static_dense,303,contextual_dense_reference,44,0.7327343749999999,0.8609375
static_dense,303,contextual_dense_reference,45,0.751953125,0.8578125
static_dense,303,contextual_dense_reference,46,0.739140625,0.8609375
static_dense,303,contextual_dense_reference,47,0.72609375,0.86640625
static_dense,303,contextual_dense_reference,48,0.733359375,0.87734375
static_dense,303,contextual_dense_reference,49,0.750859375,0.865625
static_dense,303,contextual_dense_reference,50,0.7310937500000001,0.86171875
static_dense,303,contextual_dense_reference,51,0.706015625,0.84453125
static_dense,303,contextual_dense_reference,52,0.73140625,0.85390625
static_dense,303,contextual_dense_reference,53,0.72953125,0.8625
static_dense,303,contextual_dense_reference,54,0.718046875,0.83828125
static_dense,303,contextual_dense_reference,55,0.7323437500000001,0.85859375
static_dense,303,contextual_dense_reference,56,0.723203125,0.865625
static_dense,303,contextual_dense_reference,57,0.7525000000000001,0.86640625
static_dense,303,contextual_dense_reference,58,0.743671875,0.85859375
static_dense,303,contextual_dense_reference,59,0.722890625,0.8671875
static_dense,303,contextual_dense_reference,60,0.7484375000000001,0.83359375
static_dense,303,contextual_dense_reference,61,0.7446875,0.86875
static_dense,303,contextual_dense_reference,62,0.753828125,0.865625
static_dense,303,contextual_dense_reference,63,0.7324999999999999,0.853125
static_dense,303,contextual_dense_reference,64,0.747265625,0.8703125
static_dense,303,contextual_dense_reference,65,0.7240625,0.84921875
static_dense,303,contextual_dense_reference,66,0.7221875,0.875
static_dense,303,contextual_dense_reference,67,0.7359375,0.85546875
static_dense,303,contextual_dense_reference,68,0.749609375,0.85703125
static_dense,303,contextual_dense_reference,69,0.7262500000000001,0.86328125
static_dense,303,contextual_dense_reference,70,0.73796875,0.85625
static_dense,303,contextual_dense_reference,71,0.7258593750000001,0.83515625
static_dense,303,contextual_dense_reference,72,0.7423437500000001,0.87890625
static_dense,303,contextual_dense_reference,73,0.7134375,0.86328125
static_dense,303,contextual_dense_reference,74,0.723984375,0.86015625
static_dense,303,contextual_dense_reference,75,0.721171875,0.865625
static_dense,303,contextual_dense_reference,76,0.721015625,0.86015625
static_dense,303,contextual_dense_reference,77,0.7159375,0.8578125
static_dense,303,contextual_dense_reference,78,0.7262500000000001,0.86484375
static_dense,303,contextual_dense_reference,79,0.72921875,0.8703125
static_dense,303,contextual_dense_reference,80,0.74421875,0.86328125
static_dense,303,contextual_dense_reference,81,0.719609375,0.871875
static_dense,303,contextual_dense_reference,82,0.7465624999999999,0.86484375
static_dense,303,contextual_dense_reference,83,0.7323437500000001,0.86484375
static_dense,303,contextual_dense_reference,84,0.74796875,0.871875
static_dense,303,contextual_dense_reference,85,0.7165625,0.86171875
static_dense,303,contextual_dense_reference,86,0.74734375,0.86484375
static_dense,303,contextual_dense_reference,87,0.749296875,0.85234375
static_dense,303,contextual_dense_reference,88,0.7245312499999998,0.8546875
static_dense,303,contextual_dense_reference,89,0.728515625,0.8671875
static_dense,303,contextual_dense_reference,90,0.717578125,0.8625
static_dense,303,contextual_dense_reference,91,0.741171875,0.8765625
static_dense,303,contextual_dense_reference,92,0.7486718750000001,0.85703125
static_dense,303,contextual_dense_reference,93,0.713125,0.85625
static_dense,303,contextual_dense_reference,94,0.7418750000000001,0.88203125
static_dense,303,contextual_dense_reference,95,0.6878124999999999,0.8546875
static_dense,303,contextual_dense_reference,96,0.73609375,0.865625
static_dense,303,contextual_dense_reference,97,0.749609375,0.87265625
static_dense,303,contextual_dense_reference,98,0.7334375,0.871875
static_dense,303,contextual_dense_reference,99,0.7323437499999998,0.8765625
static_sparse,101,primary_sparse_resource_matched,0,0.10515625,0.08828125
static_sparse,101,primary_sparse_resource_matched,1,0.11328125,0.1421875
static_sparse,101,primary_sparse_resource_matched,2,0.18796875,0.20703125
static_sparse,101,primary_sparse_resource_matched,3,0.195546875,0.2234375
static_sparse,101,primary_sparse_resource_matched,4,0.2303125,0.2375
static_sparse,101,primary_sparse_resource_matched,5,0.23953125,0.2328125
static_sparse,101,primary_sparse_resource_matched,6,0.2495312499999999,0.278125
static_sparse,101,primary_sparse_resource_matched,7,0.25375,0.29140625
static_sparse,101,primary_sparse_resource_matched,8,0.266875,0.2953125
static_sparse,101,primary_sparse_resource_matched,9,0.269921875,0.31640625
static_sparse,101,primary_sparse_resource_matched,10,0.284375,0.34453125
static_sparse,101,primary_sparse_resource_matched,11,0.300078125,0.33203125
static_sparse,101,primary_sparse_resource_matched,12,0.311640625,0.39375
static_sparse,101,primary_sparse_resource_matched,13,0.2996875,0.3578125
static_sparse,101,primary_sparse_resource_matched,14,0.334609375,0.4046875
static_sparse,101,primary_sparse_resource_matched,15,0.3675,0.42421875
static_sparse,101,primary_sparse_resource_matched,16,0.384140625,0.47578125
static_sparse,101,primary_sparse_resource_matched,17,0.400546875,0.53203125
static_sparse,101,primary_sparse_resource_matched,18,0.4433593749999999,0.5734375
static_sparse,101,primary_sparse_resource_matched,19,0.479375,0.6265625
static_sparse,101,primary_sparse_resource_matched,20,0.4899218749999999,0.63125
static_sparse,101,primary_sparse_resource_matched,21,0.543828125,0.66328125
static_sparse,101,primary_sparse_resource_matched,22,0.533671875,0.66640625
static_sparse,101,primary_sparse_resource_matched,23,0.558515625,0.71484375
static_sparse,101,primary_sparse_resource_matched,24,0.5596875,0.7296875
static_sparse,101,primary_sparse_resource_matched,25,0.570078125,0.709375
static_sparse,101,primary_sparse_resource_matched,26,0.5790624999999999,0.734375
static_sparse,101,primary_sparse_resource_matched,27,0.56984375,0.7
static_sparse,101,primary_sparse_resource_matched,28,0.5804687500000001,0.72578125
static_sparse,101,primary_sparse_resource_matched,29,0.597109375,0.7421875
static_sparse,101,primary_sparse_resource_matched,30,0.587734375,0.75859375
static_sparse,101,primary_sparse_resource_matched,31,0.5901562499999999,0.74296875
static_sparse,101,primary_sparse_resource_matched,32,0.615,0.7546875
static_sparse,101,primary_sparse_resource_matched,33,0.5987500000000001,0.74765625
static_sparse,101,primary_sparse_resource_matched,34,0.6061718749999999,0.75390625
static_sparse,101,primary_sparse_resource_matched,35,0.60203125,0.74921875
static_sparse,101,primary_sparse_resource_matched,36,0.633125,0.759375
static_sparse,101,primary_sparse_resource_matched,37,0.6064843750000001,0.75703125
static_sparse,101,primary_sparse_resource_matched,38,0.617265625,0.7796875
static_sparse,101,primary_sparse_resource_matched,39,0.577734375,0.7328125
static_sparse,101,primary_sparse_resource_matched,40,0.58765625,0.753125
static_sparse,101,primary_sparse_resource_matched,41,0.5953125,0.75546875
static_sparse,101,primary_sparse_resource_matched,42,0.6067968750000001,0.76015625
static_sparse,101,primary_sparse_resource_matched,43,0.6198437499999999,0.7734375
static_sparse,101,primary_sparse_resource_matched,44,0.6140625,0.765625
static_sparse,101,primary_sparse_resource_matched,45,0.61453125,0.7578125
static_sparse,101,primary_sparse_resource_matched,46,0.597890625,0.759375
static_sparse,101,primary_sparse_resource_matched,47,0.620078125,0.76875
static_sparse,101,primary_sparse_resource_matched,48,0.60625,0.7640625
static_sparse,101,primary_sparse_resource_matched,49,0.607734375,0.77265625
static_sparse,101,primary_sparse_resource_matched,50,0.59546875,0.75390625
static_sparse,101,primary_sparse_resource_matched,51,0.605390625,0.746875
static_sparse,101,primary_sparse_resource_matched,52,0.6140625000000001,0.76796875
static_sparse,101,primary_sparse_resource_matched,53,0.608203125,0.77109375
static_sparse,101,primary_sparse_resource_matched,54,0.579296875,0.73828125
static_sparse,101,primary_sparse_resource_matched,55,0.604453125,0.75703125
static_sparse,101,primary_sparse_resource_matched,56,0.5678125,0.73671875
static_sparse,101,primary_sparse_resource_matched,57,0.621328125,0.7703125
static_sparse,101,primary_sparse_resource_matched,58,0.607109375,0.7515625
static_sparse,101,primary_sparse_resource_matched,59,0.6226562500000001,0.765625
static_sparse,101,primary_sparse_resource_matched,60,0.59625,0.7421875
static_sparse,101,primary_sparse_resource_matched,61,0.6196875,0.7703125
static_sparse,101,primary_sparse_resource_matched,62,0.613828125,0.74765625
static_sparse,101,primary_sparse_resource_matched,63,0.650859375,0.7875
static_sparse,101,primary_sparse_resource_matched,64,0.629140625,0.77578125
static_sparse,101,primary_sparse_resource_matched,65,0.596796875,0.74609375
static_sparse,101,primary_sparse_resource_matched,66,0.618671875,0.7671875
static_sparse,101,primary_sparse_resource_matched,67,0.609453125,0.7671875
static_sparse,101,primary_sparse_resource_matched,68,0.6283593749999999,0.7796875
static_sparse,101,primary_sparse_resource_matched,69,0.634921875,0.7796875
static_sparse,101,primary_sparse_resource_matched,70,0.608515625,0.77890625
static_sparse,101,primary_sparse_resource_matched,71,0.649453125,0.77109375
static_sparse,101,primary_sparse_resource_matched,72,0.5964843750000001,0.73671875
static_sparse,101,primary_sparse_resource_matched,73,0.6284375,0.7921875
static_sparse,101,primary_sparse_resource_matched,74,0.607578125,0.75703125
static_sparse,101,primary_sparse_resource_matched,75,0.619296875,0.78203125
static_sparse,101,primary_sparse_resource_matched,76,0.6203906250000001,0.7671875
static_sparse,101,primary_sparse_resource_matched,77,0.62203125,0.7859375
static_sparse,101,primary_sparse_resource_matched,78,0.6476562499999999,0.7859375
static_sparse,101,primary_sparse_resource_matched,79,0.6171093750000001,0.76171875
static_sparse,101,primary_sparse_resource_matched,80,0.661015625,0.78671875
static_sparse,101,primary_sparse_resource_matched,81,0.619921875,0.77890625
static_sparse,101,primary_sparse_resource_matched,82,0.622890625,0.7640625
static_sparse,101,primary_sparse_resource_matched,83,0.6217187500000001,0.778125
static_sparse,101,primary_sparse_resource_matched,84,0.6346093749999999,0.7921875
static_sparse,101,primary_sparse_resource_matched,85,0.6444531250000001,0.778125
static_sparse,101,primary_sparse_resource_matched,86,0.6446875,0.778125
static_sparse,101,primary_sparse_resource_matched,87,0.601328125,0.775
static_sparse,101,primary_sparse_resource_matched,88,0.6260937500000001,0.7734375
static_sparse,101,primary_sparse_resource_matched,89,0.631796875,0.76796875
static_sparse,101,primary_sparse_resource_matched,90,0.6525,0.79609375
static_sparse,101,primary_sparse_resource_matched,91,0.6387499999999999,0.78984375
static_sparse,101,primary_sparse_resource_matched,92,0.6573437499999999,0.79453125
static_sparse,101,primary_sparse_resource_matched,93,0.6334375,0.784375
static_sparse,101,primary_sparse_resource_matched,94,0.673046875,0.790625
static_sparse,101,primary_sparse_resource_matched,95,0.648125,0.78046875
static_sparse,101,primary_sparse_resource_matched,96,0.6463281249999999,0.77578125
static_sparse,101,primary_sparse_resource_matched,97,0.6459375,0.80078125
static_sparse,101,primary_sparse_resource_matched,98,0.64140625,0.79140625
static_sparse,101,primary_sparse_resource_matched,99,0.661640625,0.79453125
static_sparse,202,primary_sparse_resource_matched,0,0.1084374999999999,0.08515625
static_sparse,202,primary_sparse_resource_matched,1,0.127265625,0.175
static_sparse,202,primary_sparse_resource_matched,2,0.21046875,0.2609375
static_sparse,202,primary_sparse_resource_matched,3,0.2184375,0.25859375
static_sparse,202,primary_sparse_resource_matched,4,0.22875,0.26484375
static_sparse,202,primary_sparse_resource_matched,5,0.2258593749999999,0.22265625
static_sparse,202,primary_sparse_resource_matched,6,0.245859375,0.24765625
static_sparse,202,primary_sparse_resource_matched,7,0.236953125,0.25703125
static_sparse,202,primary_sparse_resource_matched,8,0.256484375,0.3015625
static_sparse,202,primary_sparse_resource_matched,9,0.2565624999999999,0.30625
static_sparse,202,primary_sparse_resource_matched,10,0.289140625,0.32265625
static_sparse,202,primary_sparse_resource_matched,11,0.298125,0.34375
static_sparse,202,primary_sparse_resource_matched,12,0.290703125,0.4109375
static_sparse,202,primary_sparse_resource_matched,13,0.314453125,0.4015625
static_sparse,202,primary_sparse_resource_matched,14,0.351171875,0.425
static_sparse,202,primary_sparse_resource_matched,15,0.361796875,0.409375
static_sparse,202,primary_sparse_resource_matched,16,0.39296875,0.46328125
static_sparse,202,primary_sparse_resource_matched,17,0.377890625,0.475
static_sparse,202,primary_sparse_resource_matched,18,0.395234375,0.55546875
static_sparse,202,primary_sparse_resource_matched,19,0.426875,0.59609375
static_sparse,202,primary_sparse_resource_matched,20,0.47578125,0.6015625
static_sparse,202,primary_sparse_resource_matched,21,0.49609375,0.61328125
static_sparse,202,primary_sparse_resource_matched,22,0.4955468749999999,0.66171875
static_sparse,202,primary_sparse_resource_matched,23,0.56734375,0.6546875
static_sparse,202,primary_sparse_resource_matched,24,0.538046875,0.6671875
static_sparse,202,primary_sparse_resource_matched,25,0.513984375,0.64296875
static_sparse,202,primary_sparse_resource_matched,26,0.546640625,0.690625
static_sparse,202,primary_sparse_resource_matched,27,0.56734375,0.69140625
static_sparse,202,primary_sparse_resource_matched,28,0.569765625,0.70625
static_sparse,202,primary_sparse_resource_matched,29,0.5887499999999999,0.70859375
static_sparse,202,primary_sparse_resource_matched,30,0.5724218750000001,0.70625
static_sparse,202,primary_sparse_resource_matched,31,0.598515625,0.6875
static_sparse,202,primary_sparse_resource_matched,32,0.60078125,0.76171875
static_sparse,202,primary_sparse_resource_matched,33,0.57796875,0.72734375
static_sparse,202,primary_sparse_resource_matched,34,0.566171875,0.7515625
static_sparse,202,primary_sparse_resource_matched,35,0.5677343749999999,0.7265625
static_sparse,202,primary_sparse_resource_matched,36,0.59890625,0.74765625
static_sparse,202,primary_sparse_resource_matched,37,0.586875,0.74765625
static_sparse,202,primary_sparse_resource_matched,38,0.613984375,0.75
static_sparse,202,primary_sparse_resource_matched,39,0.58890625,0.73203125
static_sparse,202,primary_sparse_resource_matched,40,0.586484375,0.75078125
static_sparse,202,primary_sparse_resource_matched,41,0.60828125,0.76171875
static_sparse,202,primary_sparse_resource_matched,42,0.6185937499999999,0.7625
static_sparse,202,primary_sparse_resource_matched,43,0.6308593749999999,0.76328125
static_sparse,202,primary_sparse_resource_matched,44,0.611015625,0.7703125
static_sparse,202,primary_sparse_resource_matched,45,0.626171875,0.77109375
static_sparse,202,primary_sparse_resource_matched,46,0.6127343749999999,0.75703125
static_sparse,202,primary_sparse_resource_matched,47,0.604140625,0.73984375
static_sparse,202,primary_sparse_resource_matched,48,0.6183593749999999,0.7484375
static_sparse,202,primary_sparse_resource_matched,49,0.619609375,0.7703125
static_sparse,202,primary_sparse_resource_matched,50,0.5936718750000001,0.7625
static_sparse,202,primary_sparse_resource_matched,51,0.6160937500000001,0.7453125
static_sparse,202,primary_sparse_resource_matched,52,0.6094531249999999,0.759375
static_sparse,202,primary_sparse_resource_matched,53,0.5755468749999999,0.7609375
static_sparse,202,primary_sparse_resource_matched,54,0.6014843750000001,0.75390625
static_sparse,202,primary_sparse_resource_matched,55,0.6168750000000001,0.76796875
static_sparse,202,primary_sparse_resource_matched,56,0.6007031249999999,0.7640625
static_sparse,202,primary_sparse_resource_matched,57,0.651171875,0.7859375
static_sparse,202,primary_sparse_resource_matched,58,0.607890625,0.7578125
static_sparse,202,primary_sparse_resource_matched,59,0.6328906249999999,0.78984375
static_sparse,202,primary_sparse_resource_matched,60,0.5988281249999999,0.77109375
static_sparse,202,primary_sparse_resource_matched,61,0.6578125,0.79921875
static_sparse,202,primary_sparse_resource_matched,62,0.637734375,0.76875
static_sparse,202,primary_sparse_resource_matched,63,0.630546875,0.78125
static_sparse,202,primary_sparse_resource_matched,64,0.6428125,0.79453125
static_sparse,202,primary_sparse_resource_matched,65,0.6344531250000001,0.778125
static_sparse,202,primary_sparse_resource_matched,66,0.6140625,0.759375
static_sparse,202,primary_sparse_resource_matched,67,0.629609375,0.77578125
static_sparse,202,primary_sparse_resource_matched,68,0.63046875,0.76953125
static_sparse,202,primary_sparse_resource_matched,69,0.60453125,0.76875
static_sparse,202,primary_sparse_resource_matched,70,0.6190625,0.76875
static_sparse,202,primary_sparse_resource_matched,71,0.62234375,0.78671875
static_sparse,202,primary_sparse_resource_matched,72,0.6437499999999999,0.7953125
static_sparse,202,primary_sparse_resource_matched,73,0.625,0.775
static_sparse,202,primary_sparse_resource_matched,74,0.6246875000000001,0.77421875
static_sparse,202,primary_sparse_resource_matched,75,0.5891406250000001,0.76015625
static_sparse,202,primary_sparse_resource_matched,76,0.6140625000000001,0.76796875
static_sparse,202,primary_sparse_resource_matched,77,0.639609375,0.7703125
static_sparse,202,primary_sparse_resource_matched,78,0.655703125,0.78203125
static_sparse,202,primary_sparse_resource_matched,79,0.60859375,0.7484375
static_sparse,202,primary_sparse_resource_matched,80,0.6417968749999999,0.790625
static_sparse,202,primary_sparse_resource_matched,81,0.626015625,0.78515625
static_sparse,202,primary_sparse_resource_matched,82,0.643359375,0.78515625
static_sparse,202,primary_sparse_resource_matched,83,0.659140625,0.771875
static_sparse,202,primary_sparse_resource_matched,84,0.6467968749999999,0.77109375
static_sparse,202,primary_sparse_resource_matched,85,0.6566406250000001,0.7890625
static_sparse,202,primary_sparse_resource_matched,86,0.6634374999999999,0.78984375
static_sparse,202,primary_sparse_resource_matched,87,0.6333593750000001,0.76484375
static_sparse,202,primary_sparse_resource_matched,88,0.6079687500000001,0.7828125
static_sparse,202,primary_sparse_resource_matched,89,0.6303124999999999,0.79375
static_sparse,202,primary_sparse_resource_matched,90,0.6299999999999999,0.79453125
static_sparse,202,primary_sparse_resource_matched,91,0.658671875,0.8015625
static_sparse,202,primary_sparse_resource_matched,92,0.6594531250000001,0.8234375
static_sparse,202,primary_sparse_resource_matched,93,0.6485937500000001,0.7890625
static_sparse,202,primary_sparse_resource_matched,94,0.673671875,0.80703125
static_sparse,202,primary_sparse_resource_matched,95,0.635234375,0.8
static_sparse,202,primary_sparse_resource_matched,96,0.6434375,0.79375
static_sparse,202,primary_sparse_resource_matched,97,0.6628125,0.78828125
static_sparse,202,primary_sparse_resource_matched,98,0.640234375,0.78984375
static_sparse,202,primary_sparse_resource_matched,99,0.669296875,0.80546875
static_sparse,303,primary_sparse_resource_matched,0,0.117109375,0.1453125
static_sparse,303,primary_sparse_resource_matched,1,0.1596874999999999,0.19296875
static_sparse,303,primary_sparse_resource_matched,2,0.18359375,0.20625
static_sparse,303,primary_sparse_resource_matched,3,0.212734375,0.209375
static_sparse,303,primary_sparse_resource_matched,4,0.218671875,0.25078125
static_sparse,303,primary_sparse_resource_matched,5,0.238515625,0.25078125
static_sparse,303,primary_sparse_resource_matched,6,0.2271875,0.25234375
static_sparse,303,primary_sparse_resource_matched,7,0.251171875,0.31953125
static_sparse,303,primary_sparse_resource_matched,8,0.275078125,0.32421875
static_sparse,303,primary_sparse_resource_matched,9,0.266875,0.33515625
static_sparse,303,primary_sparse_resource_matched,10,0.29359375,0.36328125
static_sparse,303,primary_sparse_resource_matched,11,0.2850781249999999,0.33828125
static_sparse,303,primary_sparse_resource_matched,12,0.2846875,0.3546875
static_sparse,303,primary_sparse_resource_matched,13,0.307265625,0.39609375
static_sparse,303,primary_sparse_resource_matched,14,0.3174218749999999,0.38671875
static_sparse,303,primary_sparse_resource_matched,15,0.33546875,0.47421875
static_sparse,303,primary_sparse_resource_matched,16,0.307265625,0.45390625
static_sparse,303,primary_sparse_resource_matched,17,0.35984375,0.43203125
static_sparse,303,primary_sparse_resource_matched,18,0.3832031250000001,0.4453125
static_sparse,303,primary_sparse_resource_matched,19,0.3828125,0.5765625
static_sparse,303,primary_sparse_resource_matched,20,0.404609375,0.5390625
static_sparse,303,primary_sparse_resource_matched,21,0.43984375,0.5703125
static_sparse,303,primary_sparse_resource_matched,22,0.467890625,0.6375
static_sparse,303,primary_sparse_resource_matched,23,0.50671875,0.66171875
static_sparse,303,primary_sparse_resource_matched,24,0.5421875,0.67578125
static_sparse,303,primary_sparse_resource_matched,25,0.517578125,0.6421875
static_sparse,303,primary_sparse_resource_matched,26,0.5303125,0.67578125
static_sparse,303,primary_sparse_resource_matched,27,0.5748437500000001,0.71953125
static_sparse,303,primary_sparse_resource_matched,28,0.553828125,0.71015625
static_sparse,303,primary_sparse_resource_matched,29,0.573125,0.7078125
static_sparse,303,primary_sparse_resource_matched,30,0.564921875,0.6921875
static_sparse,303,primary_sparse_resource_matched,31,0.567421875,0.7171875
static_sparse,303,primary_sparse_resource_matched,32,0.572890625,0.7140625
static_sparse,303,primary_sparse_resource_matched,33,0.574140625,0.73515625
static_sparse,303,primary_sparse_resource_matched,34,0.574921875,0.7421875
static_sparse,303,primary_sparse_resource_matched,35,0.6031249999999999,0.734375
static_sparse,303,primary_sparse_resource_matched,36,0.5846093749999999,0.72734375
static_sparse,303,primary_sparse_resource_matched,37,0.621953125,0.73984375
static_sparse,303,primary_sparse_resource_matched,38,0.60796875,0.74765625
static_sparse,303,primary_sparse_resource_matched,39,0.608515625,0.76875
static_sparse,303,primary_sparse_resource_matched,40,0.60078125,0.75625
static_sparse,303,primary_sparse_resource_matched,41,0.612109375,0.7421875
static_sparse,303,primary_sparse_resource_matched,42,0.6021875,0.75234375
static_sparse,303,primary_sparse_resource_matched,43,0.592421875,0.76171875
static_sparse,303,primary_sparse_resource_matched,44,0.630625,0.7640625
static_sparse,303,primary_sparse_resource_matched,45,0.6446875000000001,0.78125
static_sparse,303,primary_sparse_resource_matched,46,0.6290625,0.759375
static_sparse,303,primary_sparse_resource_matched,47,0.592578125,0.7578125
static_sparse,303,primary_sparse_resource_matched,48,0.611171875,0.7640625
static_sparse,303,primary_sparse_resource_matched,49,0.624453125,0.77265625
static_sparse,303,primary_sparse_resource_matched,50,0.631640625,0.78203125
static_sparse,303,primary_sparse_resource_matched,51,0.62109375,0.753125
static_sparse,303,primary_sparse_resource_matched,52,0.6028906249999999,0.7609375
static_sparse,303,primary_sparse_resource_matched,53,0.6203124999999999,0.76640625
static_sparse,303,primary_sparse_resource_matched,54,0.613671875,0.75625
static_sparse,303,primary_sparse_resource_matched,55,0.63046875,0.76015625
static_sparse,303,primary_sparse_resource_matched,56,0.605390625,0.77890625
static_sparse,303,primary_sparse_resource_matched,57,0.627109375,0.76796875
static_sparse,303,primary_sparse_resource_matched,58,0.623515625,0.771875
static_sparse,303,primary_sparse_resource_matched,59,0.62578125,0.778125
static_sparse,303,primary_sparse_resource_matched,60,0.6305468750000001,0.746875
static_sparse,303,primary_sparse_resource_matched,61,0.640859375,0.78359375
static_sparse,303,primary_sparse_resource_matched,62,0.637265625,0.7859375
static_sparse,303,primary_sparse_resource_matched,63,0.618515625,0.7703125
static_sparse,303,primary_sparse_resource_matched,64,0.61375,0.76796875
static_sparse,303,primary_sparse_resource_matched,65,0.6328125,0.76953125
static_sparse,303,primary_sparse_resource_matched,66,0.632578125,0.7734375
static_sparse,303,primary_sparse_resource_matched,67,0.64671875,0.7765625
static_sparse,303,primary_sparse_resource_matched,68,0.6337499999999999,0.771875
static_sparse,303,primary_sparse_resource_matched,69,0.6376562499999999,0.7765625
static_sparse,303,primary_sparse_resource_matched,70,0.623203125,0.74765625
static_sparse,303,primary_sparse_resource_matched,71,0.632734375,0.76484375
static_sparse,303,primary_sparse_resource_matched,72,0.6374218749999999,0.78046875
static_sparse,303,primary_sparse_resource_matched,73,0.627421875,0.775
static_sparse,303,primary_sparse_resource_matched,74,0.623984375,0.771875
static_sparse,303,primary_sparse_resource_matched,75,0.6338281250000001,0.7828125
static_sparse,303,primary_sparse_resource_matched,76,0.630390625,0.78359375
static_sparse,303,primary_sparse_resource_matched,77,0.6302343749999999,0.79140625
static_sparse,303,primary_sparse_resource_matched,78,0.648671875,0.778125
static_sparse,303,primary_sparse_resource_matched,79,0.6448437499999999,0.79453125
static_sparse,303,primary_sparse_resource_matched,80,0.647265625,0.77578125
static_sparse,303,primary_sparse_resource_matched,81,0.648984375,0.8046875
static_sparse,303,primary_sparse_resource_matched,82,0.6769531249999999,0.79140625
static_sparse,303,primary_sparse_resource_matched,83,0.6334375,0.77265625
static_sparse,303,primary_sparse_resource_matched,84,0.64578125,0.79609375
static_sparse,303,primary_sparse_resource_matched,85,0.641875,0.77421875
static_sparse,303,primary_sparse_resource_matched,86,0.64875,0.790625
static_sparse,303,primary_sparse_resource_matched,87,0.6671874999999999,0.790625
static_sparse,303,primary_sparse_resource_matched,88,0.6541406249999999,0.7796875
static_sparse,303,primary_sparse_resource_matched,89,0.648515625,0.77109375
static_sparse,303,primary_sparse_resource_matched,90,0.645546875,0.79296875
static_sparse,303,primary_sparse_resource_matched,91,0.64796875,0.77734375
static_sparse,303,primary_sparse_resource_matched,92,0.65953125,0.80234375
static_sparse,303,primary_sparse_resource_matched,93,0.643203125,0.79296875
static_sparse,303,primary_sparse_resource_matched,94,0.6546875,0.79375
static_sparse,303,primary_sparse_resource_matched,95,0.651640625,0.7875
static_sparse,303,primary_sparse_resource_matched,96,0.63328125,0.7890625
static_sparse,303,primary_sparse_resource_matched,97,0.65859375,0.79375
static_sparse,303,primary_sparse_resource_matched,98,0.6574218749999999,0.784375
static_sparse,303,primary_sparse_resource_matched,99,0.649140625,0.7953125
